t_s,Fx_N,Fy_N,Fz_N,Mx_Nm,My_Nm,Mz_Nm,Cd,Cl,Cm
3,96.526,-66.6648,-381.84,10.8219,-40.091,7.29392,0.0939477,-0.371641,-0.00929051
3.00667,79.365,-37.7334,-388.866,-18.8237,-51.7329,30.8078,0.0772451,-0.378479,-0.0119884
3.01333,130.181,-24.6695,-396.027,-30.0733,-62.9281,-26.6128,0.126704,-0.385449,-0.0145827
3.02,96.4561,-66.5024,-381.679,10.5651,-39.8453,7.46023,0.0938797,-0.371484,-0.00923356
3.02667,78.7862,-38.1575,-389.903,-18.3174,-52.3484,31.3834,0.0766818,-0.379488,-0.012131
3.03333,130.739,-24.3342,-394.96,-30.7581,-62.094,-27.1358,0.127247,-0.38441,-0.0143894
3.04,96.7337,-66.5162,-381.636,10.542,-40.0037,7.57592,0.0941498,-0.371442,-0.00927029
3.04667,77.6928,-38.3986,-391.323,-17.135,-53.0728,31.5907,0.0756175,-0.38087,-0.0122988
3.05333,131.182,-24.736,-394.69,-31.8538,-62.2691,-28.0291,0.127678,-0.384147,-0.01443
3.06,97.2093,-66.3453,-381.536,9.76487,-39.9016,7.17511,0.0946127,-0.371345,-0.00924662
3.06667,76.9709,-38.6842,-392.882,-16.3732,-53.7104,31.7793,0.0749149,-0.382388,-0.0124466
3.07333,131.781,-24.8677,-394.327,-32.2501,-61.1432,-28.8402,0.128261,-0.383794,-0.0141691
3.08,98.2509,-66.0732,-380.79,9.58149,-38.757,6.81326,0.0956266,-0.370619,-0.00898137
3.08667,76.1887,-38.9274,-394.436,-15.7103,-53.2173,32.4851,0.0741537,-0.3839,-0.0123323
3.09333,132.191,-25.1572,-394.266,-32.3473,-59.3922,-29.0358,0.12866,-0.383735,-0.0137633
3.1,98.8649,-65.5785,-380.486,9.30731,-36.7873,6.09749,0.0962241,-0.370323,-0.00852492
3.10667,75.2968,-39.5204,-396.65,-14.2504,-53.7818,33.2004,0.0732856,-0.386056,-0.0124632
3.11333,132.321,-25.2089,-394.125,-32.6299,-59.6469,-29.2926,0.128786,-0.383597,-0.0138223
3.12,98.9246,-65.0606,-379.815,8.60692,-37.3094,5.9423,0.0962823,-0.369669,-0.00864591
3.12667,74.6009,-39.5404,-397.275,-13.7429,-55.6212,34.0767,0.0726082,-0.386664,-0.0128894
3.13333,132.285,-25.5399,-393.605,-32.8713,-60.9086,-28.9338,0.128751,-0.383092,-0.0141147
3.14,99.372,-64.5537,-378.043,7.99776,-38.1007,5.11871,0.0967177,-0.367946,-0.00882929
3.14667,73.5102,-39.6817,-397.801,-13.229,-56.6018,35.1755,0.0715467,-0.387176,-0.0131167
3.15333,131.992,-25.9679,-393.053,-33.4604,-60.8395,-28.9581,0.128467,-0.382554,-0.0140987
3.16,99.969,-63.9422,-376.161,7.37667,-37.5482,4.18686,0.0972987,-0.366113,-0.00870126
3.16667,72.8412,-39.3183,-398.02,-12.7038,-57.3333,35.542,0.0708955,-0.387389,-0.0132862
3.17333,132.205,-26.3469,-393.03,-32.9182,-60.7733,-28.2622,0.128673,-0.382532,-0.0140833
3.18,100.103,-63.1886,-374.686,6.03826,-37.2767,3.21617,0.0974291,-0.364677,-0.00863834
3.18667,72.2985,-39.4962,-398.42,-12.3137,-58.0894,36.3465,0.0703673,-0.387778,-0.0134614
3.19333,132.228,-26.7467,-393.424,-33.0321,-61.0108,-28.3241,0.128696,-0.382915,-0.0141384
3.2,100.621,-62.881,-373.687,6.15513,-36.6129,1.95278,0.0979332,-0.363706,-0.00848451
3.20667,71.7233,-39.6071,-398.971,-11.6088,-58.9891,36.758,0.0698075,-0.388314,-0.0136699
3.21333,131.881,-27.5411,-393.851,-32.1834,-62.0259,-27.6587,0.128359,-0.383331,-0.0143736
3.22,101.011,-62.2769,-372.382,5.35448,-36.4918,0.92859,0.0983126,-0.362435,-0.00845644
3.22667,71.1885,-39.309,-399.435,-11.1768,-59.2255,37.3194,0.069287,-0.388765,-0.0137247
3.23333,132.334,-28.2235,-394.933,-32.0161,-60.6365,-26.926,0.128799,-0.384384,-0.0140516
3.24,101.762,-61.781,-372.089,5.26122,-34.8412,-0.141476,0.0990441,-0.36215,-0.00807394
3.24667,71.0404,-39.1011,-399.931,-11.0437,-58.3838,37.1927,0.0691428,-0.389248,-0.0135296
3.25333,132.333,-29.3377,-396.54,-31.8008,-60.2219,-25.9134,0.128799,-0.385948,-0.0139556
3.26,102.095,-61.4246,-371.441,4.36128,-32.6924,-1.55774,0.0993681,-0.361519,-0.00757599
3.26667,70.7464,-38.6222,-400.392,-11.1722,-58.0963,37.2786,0.0688567,-0.389697,-0.013463
3.27333,132.384,-29.9995,-397.411,-32.0737,-60.1037,-24.7344,0.128848,-0.386796,-0.0139282
3.28,102.136,-60.7299,-370.862,3.74048,-32.8109,-2.86942,0.099408,-0.360956,-0.00760344
3.28667,70.3088,-38.2367,-400.401,-11.1253,-59.5974,37.0904,0.0684308,-0.389706,-0.0138108
3.29333,132.166,-31.0442,-397.589,-31.93,-61.7069,-23.2589,0.128636,-0.386969,-0.0142997
3.3,102.261,-60.4415,-369.239,3.33832,-33.6405,-3.71194,0.0995294,-0.359376,-0.00779571
3.30667,69.9367,-37.5553,-399.407,-10.5699,-61.2221,36.948,0.0680686,-0.388739,-0.0141873
3.31333,131.799,-31.7686,-397.686,-31.4018,-63.2462,-21.457,0.128279,-0.387063,-0.0146564
3.32,102.555,-60.1815,-368.209,3.22791,-33.3558,-4.59828,0.0998156,-0.358374,-0.00772973
3.32667,69.1752,-36.5132,-398.253,-10.7317,-61.9705,35.7656,0.0673275,-0.387616,-0.0143608
3.33333,131.891,-32.3594,-397.548,-31.4605,-64.643,-19.8046,0.128368,-0.386929,-0.0149801
3.34,102.897,-60.1847,-366.894,3.02174,-33.265,-4.62338,0.100149,-0.357094,-0.00770867
3.34667,68.9355,-35.5329,-397.979,-10.4052,-61.8124,34.7951,0.0670941,-0.387349,-0.0143241
3.35333,132.056,-33.5348,-398.569,-31.5976,-64.4346,-18.343,0.128529,-0.387923,-0.0149318
3.36,102.978,-60.4596,-366.557,2.43292,-31.6135,-5.19555,0.100227,-0.356766,-0.00732596
3.36667,68.5561,-34.3338,-397.457,-10.4307,-61.034,33.286,0.0667249,-0.386841,-0.0141438
3.37333,132.388,-34.2532,-399.643,-31.6554,-64.2788,-16.8583,0.128852,-0.388968,-0.0148957
3.38,103.506,-60.9343,-366.497,1.89087,-30.6776,-5.40645,0.100741,-0.356708,-0.00710909
3.38667,68.1306,-33.4655,-397.488,-10.2017,-60.2393,31.6913,0.0663107,-0.386871,-0.0139596
3.39333,133.049,-35.0704,-401.02,-31.2913,-64.1827,-15.7189,0.129495,-0.390309,-0.0148734
3.4,103.887,-61.8004,-366.308,1.99967,-29.6252,-5.00181,0.101112,-0.356523,-0.00686521
3.40667,67.4066,-32.2745,-397.513,-9.6662,-60.398,29.8426,0.0656061,-0.386895,-0.0139964
3.41333,133.276,-35.5695,-401.578,-31.2536,-64.8911,-14.8962,0.129716,-0.390851,-0.0150376
3.42,103.868,-62.2979,-366.308,1.4424,-29.9404,-3.91317,0.101094,-0.356523,-0.00693825
3.42667,66.405,-30.9464,-396.707,-9.15634,-60.9329,28.5591,0.0646313,-0.386111,-0.0141203
3.43333,133.166,-35.5842,-401.901,-31.3694,-66.8704,-13.8773,0.129609,-0.391166,-0.0154962
3.44,104.193,-63.175,-365.55,0.557282,-30.3467,-2.57645,0.10141,-0.355786,-0.00703242
3.44667,65.3858,-29.7196,-395.396,-9.4668,-61.3249,26.5851,0.0636392,-0.384834,-0.0142111
3.45333,133.69,-35.5948,-401.625,-31.0378,-67.9897,-13.8711,0.130119,-0.390898,-0.0157556
3.46,104.249,-64.1064,-364.048,-0.373273,-30.5291,-0.972318,0.101464,-0.354324,-0.00707467
3.46667,64.0678,-28.6354,-393.83,-8.87665,-62.1841,24.9918,0.0623565,-0.383311,-0.0144103
3.47333,134.05,-35.1207,-401.382,-30.6916,-68.9649,-13.9616,0.130469,-0.390661,-0.0159816
3.48,105.216,-65.5924,-364.014,-1.13667,-29.7779,1.16308,0.102406,-0.354291,-0.0069006
3.48667,63.2884,-27.5139,-393.31,-9.0891,-61.5181,23.4689,0.0615979,-0.382805,-0.0142559
3.49333,134.686,-34.9002,-402.224,-30.071,-69.0188,-14.4956,0.131088,-0.39148,-0.0159941
3.5,106.136,-66.8309,-364.146,-1.41893,-29.4075,2.56321,0.103301,-0.35442,-0.00681477
3.50667,62.2467,-26.5811,-392.788,-8.51651,-60.8719,22.1899,0.060584,-0.382297,-0.0141062
3.51333,134.647,-34.4802,-403.342,-29.7738,-69.3478,-14.9591,0.13105,-0.392569,-0.0160703
3.52,107.245,-68.1431,-364.295,-2.26479,-28.237,4.07571,0.10438,-0.354565,-0.00654351
3.52667,61.2722,-26.0429,-392.598,-9.09766,-59.8697,21.2969,0.0596355,-0.382111,-0.0138739
3.53333,134.873,-33.9646,-404.051,-29.2573,-69.4857,-16.1031,0.131271,-0.393258,-0.0161023
3.54,108.04,-69.4214,-364.131,-2.53373,-28.0354,5.92633,0.105154,-0.354405,-0.00649679
3.54667,60.1353,-25.3401,-392.269,-9.25393,-59.1352,20.9312,0.058529,-0.381791,-0.0137037
3.55333,134.42,-32.7622,-404.32,-28.2871,-71.0884,-17.8103,0.13083,-0.393521,-0.0164737
3.56,109.013,-70.7332,-364.289,-3.15007,-27.9214,7.64406,0.106102,-0.354558,-0.00647037
3.56667,58.6624,-24.7544,-391.016,-9.82838,-59.2487,20.9378,0.0570955,-0.380572,-0.01373
3.57333,133.804,-32.0205,-403.818,-27.4103,-72.1337,-18.2877,0.13023,-0.393032,-0.0167159
3.58,110.247,-71.9114,-364.198,-3.69106,-28.1127,9.24296,0.107302,-0.35447,-0.0065147
3.58667,57.7091,-24.7517,-389.752,-10.1627,-58.8496,20.947,0.0561676,-0.379341,-0.0136375
3.59333,133.393,-30.6628,-403.903,-26.7601,-72.2861,-20.102,0.12983,-0.393114,-0.0167513
3.6,111.585,-72.9189,-363.812,-3.99243,-27.5312,10.4225,0.108605,-0.354094,-0.00637996
3.60667,56.873,-24.4861,-389.2,-10.389,-58.0745,21.1829,0.0553539,-0.378804,-0.0134579
3.61333,132.637,-29.5923,-404.295,-26.1112,-73.0133,-21.5463,0.129094,-0.393496,-0.0169198
3.62,113.11,-74.1946,-364.499,-4.43295,-27.9374,11.4443,0.110089,-0.354763,-0.00647409
3.62667,56.4832,-24.7481,-388.668,-11.451,-57.252,21.8925,0.0549745,-0.378287,-0.0132673
3.63333,132.08,-28.6441,-404.727,-25.4858,-73.1535,-23.0024,0.128552,-0.393917,-0.0169523
3.64,114.579,-74.9061,-364.814,-4.37506,-27.4079,12.1681,0.111519,-0.35507,-0.00635139
3.64667,56.0726,-24.8828,-388.538,-11.6823,-56.5729,22.3855,0.0545748,-0.37816,-0.01311
3.65333,131.14,-27.3962,-404.813,-25.0101,-73.5857,-24.3346,0.127637,-0.394,-0.0170524
3.66,115.846,-75.7882,-365.461,-4.48196,-27.5599,12.5222,0.112751,-0.355699,-0.00638661
3.66667,55.8539,-24.9265,-387.754,-12.4815,-55.3852,23.1425,0.054362,-0.377396,-0.0128347
3.67333,130.091,-26.5348,-404.726,-24.4407,-73.0612,-25.6363,0.126616,-0.393915,-0.0169309
3.68,116.819,-76.1702,-365.734,-3.98386,-27.5367,12.6765,0.113698,-0.355965,-0.00638123
3.68667,55.6333,-25.3488,-387.091,-12.9555,-55.2589,24.076,0.0541473,-0.376752,-0.0128055
3.69333,128.67,-25.187,-404.103,-24.3526,-75.0473,-26.658,0.125234,-0.393309,-0.0173911
3.7,117.575,-76.8321,-365.413,-4.55393,-28.5758,12.4893,0.114434,-0.355652,-0.00662203
3.70667,55.3679,-25.9934,-385.876,-13.3733,-55.2845,24.8451,0.0538889,-0.375569,-0.0128114
3.71333,127.228,-24.2192,-403.301,-24.0621,-75.5186,-27.6655,0.123829,-0.392528,-0.0175003
3.72,118.474,-77.0911,-365.039,-4.03038,-29.6545,12.7321,0.11531,-0.355289,-0.006872
3.72667,55.4983,-26.4718,-385.085,-13.9757,-55.1178,25.7363,0.0540159,-0.374799,-0.0127727
3.73333,125.714,-23.1568,-402.889,-23.7866,-75.9369,-28.0725,0.122356,-0.392127,-0.0175973
3.74,119.509,-77.5557,-365.175,-3.77323,-29.385,12.5557,0.116317,-0.355421,-0.00680956
3.74667,55.7714,-27.0874,-384.718,-14.3717,-54.7059,26.626,0.0542817,-0.374442,-0.0126773
3.75333,124.607,-22.1137,-402.866,-23.8996,-75.7579,-28.9919,0.121279,-0.392105,-0.0175558
3.76,120.298,-77.7762,-365.575,-3.50649,-30.3981,12.3238,0.117085,-0.35581,-0.00704432
3.76667,56.2725,-28.0039,-384.519,-14.4124,-54.0436,27.7636,0.0547694,-0.374248,-0.0125238
3.77333,123.216,-21.2028,-402.645,-23.8005,-76.0706,-29.1336,0.119925,-0.39189,-0.0176283
3.78,121.108,-77.8415,-365.821,-3.03035,-30.6019,11.4628,0.117873,-0.35605,-0.00709154
3.78667,57.2193,-28.8319,-384.455,-15.3203,-52.7613,28.6411,0.0556909,-0.374186,-0.0122267
3.79333,122.499,-20.5788,-403.452,-23.6711,-75.1519,-29.7658,0.119227,-0.392676,-0.0174154
3.8,122.002,-77.836,-367.108,-3.04639,-29.2748,10.637,0.118743,-0.357302,-0.006784
3.80667,58.2544,-29.8027,-385.192,-15.0591,-51.3474,29.1035,0.0566984,-0.374903,-0.011899
3.81333,121.598,-19.9539,-403.862,-23.4068,-74.1139,-30.1687,0.11835,-0.393074,-0.0171748
3.82,122.203,-77.4909,-367.551,-2.79286,-29.0971,9.77929,0.118939,-0.357734,-0.00674282
3.82667,58.4635,-30.404,-384.63,-15.8706,-51.3358,29.8755,0.0569018,-0.374356,-0.0118963
3.83333,120.061,-19.2712,-403.559,-23.595,-74.6475,-29.9802,0.116854,-0.392779,-0.0172985
3.84,122.421,-77.0409,-367.549,-2.85398,-31.4294,9.09529,0.119151,-0.357732,-0.00728332
3.84667,59.0589,-31.0553,-383.636,-16.2917,-51.6662,30.847,0.0574814,-0.373388,-0.0119729
3.85333,118.849,-18.721,-401.885,-24.1953,-75.4059,-29.8771,0.115674,-0.391151,-0.0174742
3.86,122.604,-76.7253,-366.652,-2.96287,-31.8775,8.50846,0.119329,-0.356859,-0.00738714
3.86667,59.5494,-31.9132,-382.679,-15.8908,-51.7765,31.2991,0.0579588,-0.372457,-0.0119985
3.87333,117.612,-17.9637,-401.148,-24.838,-75.366,-29.5197,0.11447,-0.390433,-0.017465
3.88,122.723,-76.0844,-365.981,-3.34883,-32.0083,7.98415,0.119445,-0.356205,-0.00741745
3.88667,60.5392,-32.7969,-382.246,-16.3343,-51.5522,32.0845,0.0589221,-0.372036,-0.0119465
3.89333,116.724,-17.5112,-401.338,-24.2057,-75.6301,-29.478,0.113606,-0.390617,-0.0175262
3.9,122.541,-75.4212,-366.135,-2.19678,-32.9405,7.02307,0.119268,-0.356355,-0.00763349
3.90667,61.1021,-33.6208,-381.677,-16.2996,-52.4925,32.8431,0.05947,-0.371482,-0.0121644
3.91333,115.943,-17.3671,-400.748,-24.1702,-75.3474,-28.9266,0.112846,-0.390043,-0.0174607
3.92,122.905,-75.1526,-366.474,-2.31766,-32.8785,5.72859,0.119622,-0.356685,-0.00761911
3.92667,62.069,-34.5359,-381.167,-16.1679,-52.1639,32.6267,0.0604111,-0.370986,-0.0120882
3.93333,115.009,-17.3192,-400.901,-23.7194,-75.1977,-28.8025,0.111937,-0.390193,-0.017426
3.94,123.229,-74.4856,-366.7,-2.52333,-32.42,5.20092,0.119937,-0.356905,-0.00751287
3.94667,63.1985,-35.5785,-382.235,-16.3781,-50.2988,33.4238,0.0615104,-0.372025,-0.011656
3.95333,114.575,-16.9905,-401.654,-24.035,-73.8166,-28.7793,0.111515,-0.390925,-0.0171059
3.96,123.068,-73.919,-367.544,-2.21731,-31.7983,4.07054,0.119781,-0.357726,-0.00736879
3.96667,64.0429,-36.3965,-382.072,-16.495,-49.3105,33.694,0.0623322,-0.371867,-0.011427
3.97333,113.939,-17.0484,-402.009,-24.5572,-73.7888,-28.1078,0.110896,-0.391271,-0.0170995
3.98,123.225,-73.2103,-367.778,-1.85597,-32.4106,3.26138,0.119934,-0.357954,-0.00751068
3.98667,64.0964,-37.0097,-381.361,-16.4839,-50.3813,34.7964,0.0623843,-0.371175,-0.0116751
3.99333,112.585,-17.0792,-401.642,-24.6177,-75.1299,-27.5992,0.109578,-0.390914,-0.0174103
4,123.029,-72.3386,-367.132,-2.44223,-33.9201,2.47497,0.119743,-0.357326,-0.00786049
4.00667,64.6819,-37.61,-381.069,-16.9842,-50.7492,35.3776,0.0629542,-0.370891,-0.0117604
4.01333,111.879,-16.7459,-400.431,-24.7755,-75.692,-26.7694,0.10889,-0.389735,-0.0175405
4.02,123.01,-71.3614,-366.531,-2.02984,-33.3954,1.55674,0.119724,-0.356741,-0.0077389
4.02667,65.3085,-38.2295,-380.118,-16.8584,-50.3817,35.2831,0.0635641,-0.369965,-0.0116752
4.03333,110.964,-16.5659,-400.354,-25.1928,-75.3565,-26.1135,0.108,-0.389661,-0.0174628
4.04,123.339,-70.3428,-366.213,-2.24891,-33.8138,0.461832,0.120045,-0.356432,-0.00783586
4.04667,65.6943,-38.5097,-379.45,-17.0474,-50.7272,36.0311,0.0639395,-0.369315,-0.0117553
4.05333,110.329,-16.9313,-400.04,-25.0282,-76.3445,-25.4017,0.107382,-0.389354,-0.0176917
4.06,123.214,-69.8265,-366.062,-2.2009,-34.2992,-1.18009,0.119923,-0.356284,-0.00794835
4.06667,66.0709,-39.2407,-378.441,-16.5935,-51.0751,36.9695,0.0643061,-0.368333,-0.0118359
4.07333,109.499,-17.3684,-400.304,-24.981,-76.8376,-25.0226,0.106574,-0.389611,-0.017806
4.08,123.214,-69.0417,-366.29,-2.121,-34.7776,-1.93636,0.119923,-0.356506,-0.0080592
4.08667,67.0315,-39.4924,-378.471,-16.1197,-49.8075,36.6826,0.065241,-0.368362,-0.0115422
4.09333,109.176,-17.7374,-401.003,-24.8375,-76.077,-23.6763,0.10626,-0.390292,-0.0176297
4.1,123.862,-68.3301,-366.735,-1.8398,-33.7427,-3.12977,0.120553,-0.356939,-0.00781939
4.10667,67.7118,-40.1223,-378.959,-16.5815,-47.7556,36.5151,0.0659032,-0.368836,-0.0110667
4.11333,108.551,-18.3086,-401.611,-24.5182,-74.5701,-22.9841,0.105651,-0.390883,-0.0172805
4.12,124.066,-67.8424,-367.927,-1.53659,-32.4505,-4.60832,0.120752,-0.358099,-0.00751993
4.12667,68.5517,-40.3575,-379.863,-16.4074,-46.2041,36.6697,0.0667206,-0.369716,-0.0107071
4.13333,108.138,-18.7471,-402.621,-25.0523,-73.9778,-21.8168,0.10525,-0.391867,-0.0171433
4.14,124.273,-67.2149,-369.106,-1.58249,-32.1785,-5.90119,0.120954,-0.359247,-0.00745691
4.14667,69.1,-40.6745,-379.461,-16.3535,-46.51,36.6729,0.0672542,-0.369325,-0.010778
4.15333,106.961,-19.3019,-402.523,-25.1727,-75.5406,-19.8844,0.104104,-0.391771,-0.0175054
4.16,124.251,-66.5981,-369.25,-1.67776,-33.882,-6.98458,0.120932,-0.359387,-0.00785165
4.16667,69.893,-40.7696,-378.242,-16.3551,-47.4547,36.882,0.0680261,-0.368139,-0.0109969
4.17333,106.033,-19.5029,-402.347,-26.1904,-77.0549,-18.7659,0.103201,-0.3916,-0.0178564
4.18,124.133,-65.7977,-367.949,-1.85659,-35.1177,-7.98337,0.120817,-0.358121,-0.00813802
4.18667,70.5025,-40.6441,-376.821,-17.2979,-47.437,36.1169,0.0686193,-0.366756,-0.0109928
4.19333,104.984,-19.9242,-401.133,-25.8518,-77.6837,-17.0773,0.102179,-0.390418,-0.0180021
4.2,124.456,-65.3155,-367.642,-1.48046,-35.8657,-8.31736,0.121131,-0.357822,-0.00831135
4.20667,70.5729,-40.6768,-375.343,-17.0795,-47.6717,35.7109,0.0686879,-0.365318,-0.0110472
4.21333,104.387,-20.1165,-400.424,-26.3503,-78.2221,-15.4959,0.101598,-0.389728,-0.0181268
4.22,123.964,-64.8864,-367.583,-0.837705,-37.0491,-9.55923,0.120653,-0.357765,-0.0085856
4.22667,71.5922,-40.8543,-374.739,-16.4735,-46.8844,35.0634,0.0696799,-0.364729,-0.0108648
4.23333,103.341,-20.7551,-400.837,-26.1205,-78.156,-13.6695,0.10058,-0.39013,-0.0181115
4.24,124.381,-64.3563,-368.327,-1.10711,-36.9401,-10.2546,0.121058,-0.358488,-0.00856033
4.24667,72.8193,-40.6873,-374.269,-15.9215,-44.8119,34.1114,0.0708743,-0.364272,-0.0103845
4.25333,102.797,-21.278,-401.72,-25.8536,-77.2997,-12.2982,0.100052,-0.390989,-0.0179131
4.26,124.574,-64.1791,-370.061,-0.636102,-36.4438,-10.9306,0.121247,-0.360176,-0.00844532
4.26667,74.1109,-41.1397,-375.507,-15.8525,-42.4668,32.7857,0.0721313,-0.365477,-0.00984105
4.27333,102.332,-22.0534,-403.583,-26.2534,-75.6508,-10.9261,0.0995983,-0.392803,-0.017531
4.28,124.579,-63.8426,-372.417,-0.115579,-35.4031,-10.9979,0.121251,-0.362469,-0.00820416
4.28667,75.6002,-41.3315,-376.068,-14.6526,-40.6945,31.0413,0.0735809,-0.366023,-0.00943036
4.29333,101.545,-22.5425,-404.233,-26.5664,-74.9183,-9.17038,0.098833,-0.393435,-0.0173612
4.3,124.292,-64.0638,-374.148,-0.0343872,-35.6148,-11.5997,0.120972,-0.364154,-0.00825322
4.30667,76.7271,-41.8258,-376.42,-14.7366,-39.9062,29.8654,0.0746777,-0.366365,-0.00924769
4.31333,100.917,-22.5749,-404.403,-26.8419,-75.0622,-8.00098,0.0982217,-0.393601,-0.0173946
4.32,124.018,-63.6268,-374.888,-0.422128,-37.451,-11.2028,0.120705,-0.364874,-0.00867873
4.32667,77.7846,-41.5802,-375.253,-14.068,-40.5553,28.4183,0.0757069,-0.365229,-0.0093981
4.33333,100.336,-23.0105,-403.96,-27.2337,-76.2513,-6.25691,0.0976558,-0.39317,-0.0176701
4.34,123.204,-62.9384,-374.272,-0.683468,-39.7999,-10.9696,0.119913,-0.364275,-0.00922305
4.34667,78.6215,-41.3428,-373.588,-14.0601,-41.5045,27.0129,0.0765214,-0.363609,-0.00961807
4.35333,99.5711,-23.0901,-402.488,-28.0453,-76.719,-5.07304,0.0969115,-0.391737,-0.0177785
4.36,122.338,-62.5355,-374.179,-1.45223,-42.0383,-10.3452,0.11907,-0.364185,-0.00974177
4.36667,79.647,-41.4967,-371.543,-13.5411,-42.067,25.3417,0.0775196,-0.361618,-0.00974842
4.37333,99.0836,-23.3546,-401.07,-28.3495,-76.4691,-4.22346,0.096437,-0.390357,-0.0177206
4.38,121.604,-62.2383,-374.927,-1.56429,-43.1135,-9.99699,0.118355,-0.364913,-0.00999093
4.38667,81.0335,-41.4473,-371.021,-12.5044,-41.1179,23.7179,0.078869,-0.36111,-0.00952849
4.39333,98.4027,-23.9763,-400.529,-27.8206,-75.7247,-2.99059,0.0957743,-0.38983,-0.0175481
4.4,121.012,-61.846,-376.171,-1.85612,-44.2783,-9.71548,0.11778,-0.366123,-0.0102609
4.40667,82.0687,-41.5712,-371.175,-12.0218,-39.8918,22.3745,0.0798766,-0.361261,-0.00924436
4.41333,98.3359,-24.3011,-400.654,-27.5136,-74.0385,-2.33621,0.0957092,-0.389952,-0.0171573
4.42,119.907,-61.3965,-378.032,-2.18288,-44.6512,-8.37334,0.116704,-0.367934,-0.0103473
4.42667,83.2695,-41.6974,-371.949,-10.4907,-38.9535,20.5392,0.0810453,-0.362014,-0.00902691
4.43333,98.4566,-24.8197,-400.373,-27.7148,-71.9386,-1.94721,0.0958267,-0.389679,-0.0166707
4.44,119.138,-61.0512,-380.502,-2.97032,-44.4102,-7.82193,0.115956,-0.370338,-0.0102914
4.44667,84.2869,-41.6552,-372.272,-9.87637,-38.1043,18.736,0.0820355,-0.362328,-0.00883012
4.45333,98.3139,-25.683,-400.773,-26.8125,-70.3052,-1.70162,0.0956878,-0.390068,-0.0162922
4.46,118.298,-60.8523,-382.82,-4.02032,-44.4631,-6.83858,0.115138,-0.372595,-0.0103037
4.46667,85.399,-41.7015,-373.508,-8.97668,-37.4628,17.5057,0.0831179,-0.363531,-0.00868147
4.47333,98.8789,-26.4625,-400.815,-26.2361,-68.5417,-0.550005,0.0962378,-0.390109,-0.0158836
4.48,117.611,-60.4656,-384.258,-4.39123,-45.4406,-6.03721,0.114469,-0.373994,-0.0105302
4.48667,86.1313,-41.677,-373.765,-8.56615,-38.247,15.8538,0.0838307,-0.363781,-0.00886319
4.49333,99.0611,-27.0244,-399.44,-25.9326,-68.1095,-0.361953,0.096415,-0.388771,-0.0157834
4.5,116.694,-60.154,-384.843,-6.09766,-46.9143,-4.8426,0.113577,-0.374563,-0.0108717
4.50667,87.3415,-41.5168,-373.974,-8.4299,-38.3076,15.1519,0.0850086,-0.363985,-0.00887724
4.51333,99.0308,-27.6794,-397.569,-25.1502,-67.0373,-0.357353,0.0963856,-0.386949,-0.0155349
4.52,116.072,-59.9186,-385.384,-6.9349,-48.1731,-3.6272,0.112972,-0.37509,-0.0111634
4.52667,87.5983,-41.0154,-374.188,-8.43861,-39.4778,14.0925,0.0852585,-0.364193,-0.00914841
4.53333,99.1811,-28.457,-396.139,-23.8551,-66.6516,-0.452525,0.0965319,-0.385558,-0.0154455
4.54,114.929,-59.3876,-385.523,-7.56461,-49.7086,-2.77435,0.111859,-0.375225,-0.0115192
4.54667,87.6516,-40.3958,-373.868,-8.57323,-41.3151,12.7375,0.0853103,-0.363881,-0.00957418
4.55333,98.9964,-29.0016,-393.845,-22.8519,-66.9378,-0.0476446,0.0963521,-0.383325,-0.0155119
4.56,114.366,-59.1368,-385.625,-8.95383,-51.0409,-1.66894,0.111312,-0.375324,-0.011828
4.56667,87.7892,-40.0051,-373.908,-8.24232,-42.6921,11.8421,0.0854443,-0.363921,-0.00989327
4.57333,98.9521,-29.5522,-392.404,-21.9038,-65.9005,0.446034,0.096309,-0.381922,-0.0152715
4.58,113.873,-59.0349,-385.582,-9.32037,-50.7972,-0.743417,0.110831,-0.375282,-0.0117715
4.58667,88.2658,-39.5864,-374.706,-8.83803,-42.9161,10.5835,0.0859082,-0.364698,-0.00994518
4.59333,98.9791,-30.3572,-391.796,-20.627,-63.7791,0.549687,0.0963353,-0.381331,-0.0147799
4.6,113.776,-58.9619,-386.447,-9.98907,-50.3327,0.0249605,0.110737,-0.376125,-0.0116639
4.60667,89.0051,-39.2891,-376.242,-9.29826,-42.925,9.9664,0.0866277,-0.366192,-0.00994725
4.61333,98.898,-31.1752,-391.758,-19.0887,-62.1344,0.166767,0.0962563,-0.381294,-0.0143988
4.62,113.426,-58.7794,-387.412,-10.5299,-49.5924,0.635122,0.110396,-0.377064,-0.0114923
4.62667,89.8294,-38.6099,-378.198,-10.3608,-43.3271,8.82414,0.0874299,-0.368096,-0.0100404
4.63333,98.9358,-32.0221,-392.04,-17.3964,-60.9108,0.668202,0.0962932,-0.381569,-0.0141152
4.64,113.236,-58.8512,-387.875,-10.8304,-50.1997,1.80669,0.110211,-0.377514,-0.011633
4.64667,90.4432,-38.1876,-379.714,-10.7679,-44.3088,8.40192,0.0880274,-0.369572,-0.0102679
4.65333,98.3768,-32.8758,-391.557,-16.1376,-60.1785,0.697372,0.0957491,-0.381098,-0.0139455
4.66,112.946,-58.6666,-388.139,-10.6393,-49.5824,2.10321,0.109929,-0.377771,-0.01149
4.66667,91.1835,-37.829,-380.209,-11.8052,-44.8129,7.46392,0.0887479,-0.370053,-0.0103847
4.67333,97.9876,-33.4511,-390.652,-15.5731,-58.7436,1.0261,0.0953702,-0.380218,-0.013613
4.68,112.846,-58.8249,-388.295,-10.5895,-48.8126,2.47622,0.109831,-0.377923,-0.0113116
4.68667,92.8528,-37.3895,-381.434,-12.7043,-44.665,6.26282,0.0903726,-0.371245,-0.0103505
4.69333,97.7216,-34.0325,-390.463,-14.9634,-57.5271,0.966596,0.0951113,-0.380034,-0.0133311
4.7,112.372,-58.9175,-388.099,-10.4055,-49.6309,2.99179,0.10937,-0.377732,-0.0115012
4.70667,93.6036,-36.5819,-381.96,-13.8422,-46.3729,5.80413,0.0911034,-0.371758,-0.0107462
4.71333,96.6933,-34.5145,-389.17,-13.6313,-58.9458,1.90972,0.0941105,-0.378775,-0.0136598
4.72,111.103,-58.898,-387.495,-10.1491,-51.4441,3.64892,0.108135,-0.377145,-0.0119214
4.72667,94.299,-36.0789,-381.711,-15.0907,-48.7124,5.00092,0.0917802,-0.371515,-0.0112884
4.73333,95.7806,-35.227,-387.903,-13.0416,-59.4588,2.82165,0.0932223,-0.377541,-0.0137787
4.74,110.375,-58.6355,-386.465,-9.58913,-51.7028,3.84572,0.107427,-0.376143,-0.0119814
4.74667,95.7944,-35.0602,-381.681,-16.4954,-49.1363,3.81648,0.0932357,-0.371486,-0.0113866
4.75333,95.1161,-35.6992,-386.932,-12.6736,-58.5955,3.67263,0.0925754,-0.376596,-0.0135786
4.76,109.608,-58.4364,-386.142,-9.06062,-50.5589,4.31386,0.106681,-0.375827,-0.0117163
4.76667,97.5055,-34.65,-382.549,-17.2303,-49.1166,2.2552,0.094901,-0.372331,-0.011382
4.77333,94.6932,-36.3999,-387.074,-12.1289,-57.0184,4.46791,0.0921639,-0.376735,-0.0132132
4.78,108.372,-58.5264,-386.589,-8.61284,-49.9914,4.85002,0.105478,-0.376263,-0.0115848
4.78667,99.0727,-34.0481,-383.825,-17.5792,-49.2444,0.75423,0.0964264,-0.373573,-0.0114117
4.79333,94.3307,-37.1616,-387.451,-11.9357,-56.2619,5.23986,0.0918111,-0.377101,-0.0130379
4.8,107.261,-58.5991,-387.284,-7.87877,-49.8152,5.39252,0.104396,-0.376939,-0.011544
4.80667,100.928,-33.6824,-384.769,-18.6394,-49.7814,-0.62075,0.0982325,-0.374491,-0.0115361
4.81333,94.514,-38.1482,-387.441,-11.5814,-55.1439,6.51726,0.0919894,-0.377092,-0.0127788
4.82,105.585,-58.7965,-387.805,-7.41793,-50.1667,6.56074,0.102765,-0.377447,-0.0116254
4.82667,102.66,-33.1848,-385.276,-18.591,-50.0335,-2.81067,0.0999182,-0.374985,-0.0115945
4.83333,94.6952,-38.7332,-387.099,-11.7857,-54.7674,7.14065,0.0921658,-0.376759,-0.0126915
4.84,104.024,-58.7456,-387.374,-6.81896,-49.4674,7.22081,0.101246,-0.377027,-0.0114634
4.84667,104.536,-32.2074,-386.034,-19.2312,-50.1623,-4.90432,0.101743,-0.375722,-0.0116244
4.85333,94.7659,-39.3323,-386.314,-11.8594,-53.9112,7.76081,0.0922346,-0.375995,-0.0124931
4.86,101.952,-58.9784,-386.943,-6.35662,-50.5391,8.22782,0.0992289,-0.376607,-0.0117117
4.86667,105.623,-31.6371,-386.196,-19.7691,-52.2413,-6.69374,0.102802,-0.37588,-0.0121062
4.87333,94.8044,-39.9368,-385.182,-12.2536,-55.1485,8.98915,0.092272,-0.374893,-0.0127799
4.88,99.5801,-58.7142,-386.316,-6.45526,-51.1143,9.42576,0.0969202,-0.375997,-0.011845
4.88667,107.056,-30.6875,-385.765,-20.1316,-53.221,-8.50108,0.104196,-0.375461,-0.0123332
4.89333,95.4865,-40.1569,-384.475,-12.7557,-54.5761,9.84902,0.092936,-0.374205,-0.0126472
4.9,97.4532,-58.6715,-385.375,-6.60701,-51.4604,11.2605,0.0948501,-0.375081,-0.0119252
4.90667,108.269,-29.9685,-386.165,-20.3298,-54.2123,-10.8198,0.105377,-0.37585,-0.0125629
4.91333,96.4289,-40.9608,-384.216,-12.6993,-53.8866,9.93552,0.0938532,-0.373953,-0.0124874
4.92,95.1685,-58.8923,-385.534,-5.99406,-50.9314,13.0577,0.0926264,-0.375236,-0.0118026
4.92667,109.793,-29.0699,-387.111,-20.2669,-54.1045,-12.5691,0.106861,-0.37677,-0.0125379
4.93333,97.7955,-41.5833,-383.858,-12.7448,-52.4738,9.65374,0.0951833,-0.373604,-0.01216
4.94,93.1283,-59.1548,-385.564,-6.26656,-50.7935,14.6104,0.0906407,-0.375265,-0.0117707
4.94667,110.32,-28.4956,-387.862,-20.5735,-55.1161,-14.6952,0.107374,-0.377502,-0.0127724
4.95333,98.8223,-41.9301,-383.475,-13.1778,-52.0749,9.70379,0.0961827,-0.373232,-0.0120676
4.96,91.242,-59.5183,-386.043,-5.64744,-50.6007,16.9612,0.0888048,-0.375732,-0.011726
4.96667,110.807,-27.4991,-388.367,-19.9981,-56.0534,-16.6027,0.107847,-0.377993,-0.0129896
4.97333,100.458,-42.4502,-382.715,-12.7031,-51.3345,9.4067,0.0977747,-0.372492,-0.011896
4.98,89.3691,-59.794,-385.686,-5.91392,-50.2326,18.9567,0.086982,-0.375384,-0.0116407
4.98667,111.471,-26.8869,-388.695,-19.6012,-57.0157,-18.0526,0.108494,-0.378312,-0.0132126
4.99333,102.053,-43.0932,-382.893,-12.3493,-50.4749,8.79369,0.099327,-0.372666,-0.0116968
5,87.7884,-60.487,-386.169,-5.70511,-49.4499,21.2201,0.0854435,-0.375854,-0.0114593
5.00667,111.843,-26.2707,-389.534,-19.1857,-56.3613,-19.3974,0.108855,-0.379129,-0.0130609
5.01333,103.818,-43.2118,-382.34,-12.9137,-49.183,7.41565,0.101045,-0.372127,-0.0113974
5.02,86.109,-60.6663,-386.198,-6.34745,-48.8862,23.2673,0.0838089,-0.375882,-0.0113287
5.02667,111.549,-25.6471,-390.516,-19.8483,-57.6055,-20.6963,0.108569,-0.380085,-0.0133492
5.03333,105.246,-43.5595,-382.262,-13.0475,-49.595,6.30368,0.102435,-0.372052,-0.0114929
5.04,84.6596,-61.0562,-386.223,-7.06475,-48.9935,25.0245,0.0823983,-0.375907,-0.0113535
5.04667,111.26,-24.9604,-390.885,-19.8705,-58.8471,-21.4749,0.108288,-0.380444,-0.013637
5.05333,106.678,-43.6516,-381.481,-12.9901,-49.5345,5.70419,0.103828,-0.371291,-0.0114789
5.06,83.3476,-61.332,-385.021,-7.13293,-48.9866,26.8961,0.0811213,-0.374737,-0.0113519
5.06667,110.868,-24.4396,-391.289,-20.003,-59.5813,-21.7486,0.107906,-0.380837,-0.0138071
5.07333,107.764,-43.7531,-380.897,-13.0012,-49.2112,4.31181,0.104886,-0.370723,-0.011404
5.08,82.1459,-61.2763,-384.465,-7.22728,-48.7653,28.3538,0.0799517,-0.374195,-0.0113007
5.08667,110.034,-23.6744,-391.023,-20.4811,-61.0575,-21.5786,0.107095,-0.380578,-0.0141492
5.09333,109.058,-43.6631,-380.254,-12.6669,-49.0986,3.20259,0.106145,-0.370097,-0.0113779
5.1,81.2597,-61.6353,-383.246,-7.04177,-48.7428,29.9349,0.0790892,-0.373009,-0.0112954
5.10667,109.64,-23.3805,-391.312,-19.8039,-62.2567,-21.6284,0.106711,-0.38086,-0.0144271
5.11333,110.099,-43.974,-379.039,-12.1589,-49.3722,1.90176,0.107159,-0.368915,-0.0114413
5.12,80.7663,-61.742,-382.677,-7.03529,-48.8772,30.6684,0.0786089,-0.372455,-0.0113266
5.12667,108.934,-23.4328,-391.904,-19.5382,-62.9803,-21.7597,0.106024,-0.381436,-0.0145948
5.13333,111.31,-44.1176,-379.34,-12.2226,-49.2372,0.778067,0.108337,-0.369208,-0.01141
5.14,80.3734,-61.9034,-382.395,-7.76521,-47.9478,31.7127,0.0782265,-0.372181,-0.0111112
5.14667,108.748,-23.3614,-393.01,-19.4646,-63.1693,-21.8751,0.105843,-0.382512,-0.0146386
5.15333,112.35,-44.1692,-379.299,-11.5403,-48.1852,-0.529508,0.109349,-0.369167,-0.0111662
5.16,80.0604,-61.9394,-382.818,-7.78281,-46.2513,32.1901,0.0779219,-0.372592,-0.0107181
5.16667,108.488,-23.192,-394.176,-20.0897,-62.8959,-21.5412,0.10559,-0.383647,-0.0145752
5.17333,113.073,-44.4703,-379.827,-11.3873,-47.4557,-1.43749,0.110053,-0.369682,-0.0109972
5.18,79.9571,-62.015,-382.444,-8.0702,-46.2146,32.7776,0.0778214,-0.372229,-0.0107096
5.18667,107.685,-23.1052,-394.678,-19.9539,-63.9421,-21.1209,0.104808,-0.384136,-0.0148176
5.19333,113.7,-44.6837,-379.273,-11.7874,-48.2319,-2.02356,0.110663,-0.369142,-0.011177
5.2,79.6447,-61.6715,-381.637,-8.97739,-46.86,33.3093,0.0775173,-0.371444,-0.0108591
5.20667,107.135,-22.8051,-394.35,-19.9891,-65.5325,-21.3226,0.104273,-0.383817,-0.0151862
5.21333,114.118,-44.9352,-378.596,-11.3612,-48.4676,-2.18147,0.11107,-0.368483,-0.0112317
5.22,79.187,-61.4666,-380.63,-9.37082,-46.988,33.8474,0.0770718,-0.370463,-0.0108888
5.22667,107.152,-22.6312,-394.032,-19.9567,-66.2209,-20.9273,0.10429,-0.383507,-0.0153457
5.23333,114.176,-45.2,-377.686,-11.0712,-48.3978,-2.74219,0.111126,-0.367597,-0.0112155
5.24,78.6731,-61.0544,-379.587,-9.53645,-46.4702,33.8822,0.0765717,-0.369448,-0.0107688
5.24667,106.992,-22.45,-394.547,-20.4559,-66.1222,-20.8078,0.104134,-0.384009,-0.0153229
5.25333,114.607,-45.5157,-377.855,-10.8389,-48.1392,-2.86203,0.111545,-0.367762,-0.0111556
5.26,78.4276,-60.975,-379.049,-9.47095,-45.8808,34.5637,0.0763328,-0.368924,-0.0106322
5.26667,106.644,-22.3288,-394.672,-20.3603,-67.696,-20.8549,0.103795,-0.384129,-0.0156876
5.27333,115.201,-46.0645,-377.639,-10.4766,-48.2711,-3.22638,0.112124,-0.367552,-0.0111861
5.28,77.9747,-60.4941,-378.139,-10.5632,-46.1051,35.0952,0.0758919,-0.368039,-0.0106842
5.28667,106.605,-22.1206,-394.748,-19.8746,-68.0396,-20.8333,0.103757,-0.384204,-0.0157672
5.29333,115.363,-46.4818,-377.46,-9.71883,-48.6592,-2.99622,0.112282,-0.367378,-0.0112761
5.3,77.6892,-60.2174,-378.227,-10.7665,-45.6417,34.7433,0.0756141,-0.368124,-0.0105768
5.30667,106.71,-21.7185,-394.72,-20.4601,-68.6745,-21.1284,0.10386,-0.384177,-0.0159143
5.31333,115.86,-47.0027,-376.95,-9.34758,-48.3892,-2.89153,0.112766,-0.366881,-0.0112135
5.32,77.1039,-59.8793,-377.421,-11.3133,-44.9568,35.4791,0.0750444,-0.36734,-0.0104181
5.32667,106.743,-21.4155,-395.359,-20.7712,-68.268,-21.8013,0.103892,-0.384799,-0.0158201
5.33333,116.184,-47.7422,-377.395,-8.7048,-47.7365,-3.08292,0.113081,-0.367314,-0.0110622
5.34,76.7232,-59.6652,-377.803,-11.6875,-44.5682,35.8997,0.0746738,-0.367711,-0.010328
5.34667,106.865,-21.1448,-395.891,-20.7111,-68.7334,-22.3377,0.10401,-0.385317,-0.015928
5.35333,116.846,-48.5682,-377.29,-7.97062,-47.0892,-3.39776,0.113725,-0.367213,-0.0109122
5.36,76.0776,-59.4199,-377.441,-12.4781,-44.0355,36.3473,0.0740455,-0.367359,-0.0102046
5.36667,106.867,-20.8055,-396.234,-21.4742,-69.1341,-22.7144,0.104013,-0.38565,-0.0160208
5.37333,117.244,-49.0929,-377.205,-7.36935,-47.3657,-3.55181,0.114112,-0.367129,-0.0109763
5.38,75.6946,-59.2885,-376.898,-12.9737,-44.3519,37.6207,0.0736727,-0.36683,-0.0102779
5.38667,106.592,-20.2625,-396.127,-21.7524,-70.3436,-23.7101,0.103745,-0.385546,-0.0163011
5.39333,117.555,-49.5223,-376.602,-6.90121,-48.0869,-4.12868,0.114415,-0.366543,-0.0111434
5.4,74.915,-59.1382,-376.086,-13.3466,-45.0196,38.3148,0.072914,-0.36604,-0.0104326
5.40667,106.606,-19.6627,-395.587,-21.8835,-71.0895,-23.6503,0.103759,-0.385021,-0.016474
5.41333,117.981,-50.2731,-375.161,-5.51103,-48.9157,-4.03051,0.11483,-0.36514,-0.0113355
5.42,74.0309,-58.91,-375.136,-13.7301,-45.9644,39.2963,0.0720535,-0.365116,-0.0106516
5.42667,106.589,-18.8825,-394.956,-22.6378,-72.5081,-24.3566,0.103742,-0.384406,-0.0168027
5.43333,118.549,-50.624,-374.306,-4.74066,-48.8855,-4.43646,0.115382,-0.364308,-0.0113285
5.44,73.9734,-58.9626,-374.064,-13.769,-45.8212,40.395,0.0719975,-0.364072,-0.0106184
5.44667,106.308,-18.1888,-395.091,-23.0418,-72.9344,-24.9161,0.103468,-0.384538,-0.0169015
5.45333,118.999,-51.1018,-374.125,-3.29212,-48.5815,-4.8124,0.11582,-0.364131,-0.0112581
5.46,73.4829,-59.0737,-373.211,-14.4477,-44.7456,41.5089,0.0715201,-0.363243,-0.0103691
5.46667,106.114,-17.7287,-395.958,-23.6924,-72.4736,-25.637,0.103279,-0.385381,-0.0167947
5.47333,120.088,-51.3256,-374.415,-3.10909,-47.1854,-6.13353,0.11688,-0.364414,-0.0109345
5.48,73.0627,-59.548,-374.158,-14.3605,-43.5151,42.6547,0.0711111,-0.364164,-0.010084
5.48667,105.604,-16.999,-396.987,-24.8325,-71.8215,-25.798,0.102783,-0.386383,-0.0166436
5.49333,120.909,-51.9809,-375.4,-1.7018,-45.8256,-7.18441,0.11768,-0.365372,-0.0106194
5.5,72.9147,-59.6487,-374.172,-14.9021,-41.908,43.5083,0.0709671,-0.364178,-0.00971158
5.50667,105.541,-16.4484,-398.39,-26.059,-71.8985,-26.2484,0.102722,-0.387748,-0.0166614
5.51333,121.528,-52.2323,-375.789,-0.830542,-45.8799,-8.08603,0.118282,-0.365752,-0.010632
5.52,72.4113,-60.2568,-373.826,-14.0168,-41.7233,44.9935,0.0704771,-0.363841,-0.00966877
5.52667,104.967,-15.8133,-398.556,-26.7934,-72.4155,-26.0474,0.102164,-0.38791,-0.0167812
5.53333,122.061,-52.476,-375.294,0.520856,-45.9656,-9.26309,0.118801,-0.36527,-0.0106519
5.54,72.3975,-60.4879,-373.574,-13.8399,-41.4745,46.102,0.0704637,-0.363596,-0.00961111
5.54667,104.611,-15.5363,-398.772,-27.6326,-73.3166,-26.1969,0.101817,-0.388121,-0.0169901
5.55333,122.699,-52.6177,-375.116,1.36494,-46.3301,-10.1626,0.119422,-0.365096,-0.0107363
5.56,72.1111,-61.1129,-372.472,-13.2918,-41.6677,47.6511,0.070185,-0.362523,-0.0096559
5.56667,104.265,-14.5829,-398.818,-28.9968,-73.5958,-26.1358,0.10148,-0.388165,-0.0170548
5.57333,123.219,-52.4047,-374.674,1.51317,-46.2976,-11.815,0.119927,-0.364666,-0.0107288
5.58,71.9859,-61.2157,-371.837,-13.0839,-41.4028,48.9167,0.0700631,-0.361904,-0.0095945
5.58667,104.131,-14.2167,-399.419,-30.1909,-74.6071,-26.0711,0.10135,-0.38875,-0.0172891
5.59333,123.871,-52.5431,-374.868,2.54831,-46.3576,-13.1036,0.120563,-0.364855,-0.0107427
5.6,71.9059,-61.8431,-371.356,-12.6381,-41.129,49.781,0.0699852,-0.361437,-0.00953105
5.60667,103.261,-13.9836,-398.999,-31.6676,-75.3876,-25.6196,0.100503,-0.388341,-0.01747
5.61333,124.234,-52.4972,-374.767,2.67525,-47.0017,-15.2779,0.120916,-0.364757,-0.010892
5.62,71.8468,-62.0611,-370.283,-11.6969,-40.3151,51.2853,0.0699277,-0.360392,-0.00934244
5.62667,102.869,-13.5521,-399.471,-32.0728,-75.2271,-25.2432,0.100122,-0.388801,-0.0174328
5.63333,124.621,-51.9808,-374.331,3.18273,-46.6173,-16.1831,0.121292,-0.364332,-0.0108029
5.64,71.9664,-62.8117,-369.591,-10.5142,-39.1663,52.3331,0.0700441,-0.359719,-0.00907621
5.64667,102.668,-13.4203,-399.89,-32.8207,-75.0404,-24.2164,0.0999257,-0.389208,-0.0173895
5.65333,125.051,-51.729,-375.672,3.06187,-45.9014,-18.2638,0.121711,-0.365637,-0.010637
5.66,72.0804,-63.6712,-369.614,-9.50515,-37.8671,52.7113,0.0701551,-0.359741,-0.00877514
5.66667,102.14,-13.1512,-400.796,-34.3104,-74.4794,-23.5444,0.0994115,-0.39009,-0.0172595
5.67333,125.614,-51.7106,-376.664,3.53356,-45.612,-19.7468,0.122259,-0.366603,-0.0105699
5.68,72.2344,-63.9468,-369.694,-8.64074,-36.7664,53.2666,0.070305,-0.359819,-0.00852008
5.68667,102.286,-13.19,-401.782,-35.2625,-73.7672,-22.4852,0.099554,-0.39105,-0.0170945
5.69333,125.785,-51.2963,-377.252,3.59293,-45.1909,-21.4791,0.122425,-0.367176,-0.0104723
5.7,72.4464,-64.1824,-369.876,-7.24773,-36.0517,53.7079,0.0705113,-0.359996,-0.00835445
5.70667,101.696,-13.2601,-401.564,-35.7015,-74.3209,-21.6462,0.0989796,-0.390838,-0.0172228
5.71333,125.891,-50.9311,-377.936,3.50714,-46.2136,-22.9503,0.122529,-0.367841,-0.0107093
5.72,72.3647,-64.6151,-368.978,-6.1905,-35.5626,54.5146,0.0704318,-0.359122,-0.00824111
5.72667,101.717,-13.367,-401.96,-36.6835,-75.0029,-20.7567,0.0990001,-0.391223,-0.0173808
5.73333,125.893,-50.4011,-377.927,2.67946,-47.0525,-24.8536,0.12253,-0.367832,-0.0109037
5.74,72.2054,-64.8919,-368.162,-5.0051,-36.17,54.6696,0.0702767,-0.358328,-0.00838188
5.74667,101.12,-13.3455,-401.103,-37.4483,-75.5267,-19.2233,0.0984185,-0.39039,-0.0175022
5.75333,125.732,-49.7942,-377.574,2.07468,-48.5917,-26.1776,0.122374,-0.367488,-0.0112604
5.76,72.0576,-65.1643,-366.582,-3.85892,-36.4883,55.4801,0.0701329,-0.35679,-0.00845564
5.76667,100.845,-13.3025,-400.058,-38.0969,-76.4928,-17.571,0.0981513,-0.389372,-0.0177261
5.77333,126.086,-49.357,-377.599,1.22141,-48.8073,-27.3365,0.122718,-0.367513,-0.0113104
5.78,71.7504,-65.1721,-365.998,-3.29571,-36.7807,55.2117,0.0698338,-0.356221,-0.00852339
5.78667,100.585,-13.6628,-399.179,-38.1832,-76.9602,-15.7994,0.097898,-0.388516,-0.0178344
5.79333,126.374,-48.9009,-377.621,0.843146,-49.5984,-28.5915,0.122998,-0.367535,-0.0114937
5.8,71.8008,-65.5319,-365.352,-1.59371,-35.1408,54.6768,0.069883,-0.355593,-0.00814336
5.80667,100.869,-13.9315,-399.445,-38.1747,-75.5431,-14.9095,0.0981749,-0.388776,-0.017506
5.81333,126.806,-48.6752,-378.689,0.0564502,-48.5019,-30.456,0.123419,-0.368574,-0.0112396
5.82,72.1092,-65.7038,-366.107,-0.504832,-33.5372,54.2551,0.0701831,-0.356328,-0.00777176
5.82667,100.92,-14.371,-399.936,-38.3106,-74.1535,-13.3109,0.0982248,-0.389253,-0.017184
5.83333,127.007,-48.2907,-379.706,-1.29534,-48.9331,-31.1941,0.123614,-0.369564,-0.0113395
5.84,71.7999,-65.7743,-366.14,0.286545,-33.3988,53.6078,0.069882,-0.35636,-0.00773969
5.84667,100.173,-14.7771,-399.519,-38.3275,-74.9291,-11.4344,0.0974974,-0.388847,-0.0173637
5.85333,127.337,-47.9929,-380.632,-2.47255,-50.2859,-32.1011,0.123936,-0.370465,-0.011653
5.86,71.5322,-65.2819,-365.692,1.25558,-33.8939,53.3215,0.0696215,-0.355924,-0.00785442
5.86667,99.818,-14.9651,-398.99,-37.7828,-75.396,-9.87841,0.0971518,-0.388332,-0.0174719
5.87333,127.668,-47.6467,-380.546,-3.61369,-51.0818,-32.9383,0.124258,-0.370381,-0.0118375
5.88,71.1536,-65.5303,-365.205,2.02913,-33.8089,52.64,0.069253,-0.35545,-0.00783471
5.88667,99.9358,-15.3154,-397.73,-37.2558,-74.7488,-8.2752,0.0972665,-0.387107,-0.0173219
5.89333,128.055,-47.1559,-380.561,-4.49213,-50.9999,-34.0112,0.124634,-0.370396,-0.0118185
5.9,71.019,-65.3425,-365.197,2.78954,-34.4455,52.0193,0.069122,-0.355443,-0.00798224
5.90667,99.4386,-15.885,-397.109,-36.3431,-75.052,-7.00677,0.0967825,-0.386502,-0.0173922
5.91333,128.608,-46.6729,-380.886,-6.23606,-51.8076,-34.6559,0.125173,-0.370712,-0.0120057
5.92,71.0968,-65.3824,-365.269,3.00363,-34.6503,51.0879,0.0691978,-0.355513,-0.0080297
5.92667,99.075,-16.2723,-396.24,-35.8187,-74.2752,-5.1703,0.0964286,-0.385656,-0.0172122
5.93333,129.202,-46.4466,-381.122,-6.75953,-52.4643,-35.3071,0.125751,-0.370942,-0.0121578
5.94,71.0404,-65.2426,-365.594,3.39196,-33.7407,50.0169,0.0691429,-0.355829,-0.00781892
5.94667,98.9477,-16.7973,-396.209,-34.7804,-73.4206,-3.63259,0.0963047,-0.385626,-0.0170142
5.95333,129.725,-46.2293,-381.537,-8.20535,-51.5132,-36.2273,0.12626,-0.371346,-0.0119374
5.96,70.9007,-64.9297,-365.942,3.55609,-33.1605,48.6701,0.0690068,-0.356167,-0.00768447
5.96667,98.0539,-17.4232,-396.289,-33.932,-72.6553,-2.18022,0.0954348,-0.385704,-0.0168368
5.97333,130.317,-45.9713,-381.95,-8.35819,-52.2267,-36.1495,0.126836,-0.371748,-0.0121028
5.98,70.9189,-64.7021,-366.505,3.2399,-33.6699,48.0245,0.0690246,-0.356715,-0.00780251
5.98667,97.4201,-17.8002,-395.123,-33.0991,-72.4123,-0.158568,0.0948179,-0.384569,-0.0167805
5.99333,130.927,-45.4922,-381.855,-9.56445,-52.695,-36.1752,0.12743,-0.371655,-0.0122113
6,70.8311,-64.3315,-366.364,2.77037,-34.2118,45.9252,0.0689392,-0.356578,-0.00792808
6.00667,96.6284,-18.1944,-394.296,-32.6872,-72.1787,1.03353,0.0940474,-0.383764,-0.0167264
6.01333,131.427,-45.1901,-381.69,-10.744,-53.3743,-36.5423,0.127916,-0.371495,-0.0123687
6.02,71.2143,-64.0292,-366.355,2.38148,-34.8312,45.2957,0.0693121,-0.35657,-0.00807163
6.02667,95.4096,-18.7047,-393.613,-30.7685,-72.6239,3.11946,0.0928611,-0.3831,-0.0168295
6.03333,131.907,-45.2164,-381.648,-11.3629,-53.9197,-36.8607,0.128384,-0.371454,-0.0124951
6.04,71.5908,-63.5642,-366.431,2.29982,-34.8549,43.9086,0.0696785,-0.356643,-0.00807711
6.04667,94.5973,-19.2768,-392.961,-30.0791,-72.6921,4.30437,0.0920705,-0.382465,-0.0168453
6.05333,132.476,-45.0443,-381.24,-11.4122,-54.2123,-36.2962,0.128938,-0.371056,-0.0125629
6.06,71.8467,-63.2667,-366.8,1.58917,-35.7701,42.845,0.0699276,-0.357003,-0.0082892
6.06667,93.8797,-19.8015,-392.105,-29.2896,-73.0209,5.48545,0.0913721,-0.381631,-0.0169215
6.07333,132.677,-44.8756,-380.744,-11.4354,-54.7835,-36.3897,0.129133,-0.370574,-0.0126953
6.08,72.4565,-62.7641,-366.854,0.879098,-36.1089,41.3579,0.0705211,-0.357055,-0.0083677
6.08667,92.6142,-20.2817,-392.21,-28.2576,-72.3833,6.90856,0.0901404,-0.381734,-0.0167738
6.09333,133.416,-44.5524,-380.749,-11.9576,-54.5523,-36.5199,0.129852,-0.370579,-0.0126417
6.1,73.0661,-62.3733,-367.429,0.122756,-36.098,39.5915,0.0711145,-0.357615,-0.0083652
6.10667,91.7008,-20.6796,-391.757,-27.6025,-72.1241,8.41121,0.0892514,-0.381293,-0.0167137
6.11333,133.7,-44.658,-380.118,-11.9155,-54.0287,-36.2037,0.130129,-0.369964,-0.0125204
6.12,74.0723,-61.8396,-368.262,-0.831154,-35.1515,37.6529,0.0720938,-0.358425,-0.00814585
6.12667,90.8053,-21.1404,-391.303,-26.8002,-71.3508,9.00641,0.0883798,-0.380851,-0.0165345
6.13333,133.424,-44.734,-379.955,-11.3857,-54.242,-36.0176,0.12986,-0.369806,-0.0125698
6.14,74.986,-61.741,-368.633,-1.57298,-35.102,35.832,0.0729831,-0.358786,-0.00813439
6.14667,89.5584,-21.5213,-391.769,-26.7753,-70.7965,10.4496,0.0871663,-0.381305,-0.0164061
6.15333,133.838,-44.7622,-379.973,-11.5919,-53.7369,-35.4347,0.130263,-0.369824,-0.0124527
6.16,75.6301,-60.9627,-368.865,-1.89634,-35.6781,34.4132,0.0736099,-0.359012,-0.00826789
6.16667,88.4499,-21.8506,-391.385,-26.2819,-70.5412,11.6544,0.0860873,-0.380931,-0.0163469
6.17333,133.945,-45.0585,-379.988,-11.5906,-53.3039,-35.0704,0.130368,-0.369839,-0.0123524
6.18,76.9857,-60.8082,-369.444,-2.61706,-35.3297,32.3805,0.0749293,-0.359576,-0.00818713
6.18667,87.6915,-22.0704,-392.297,-25.5512,-70.1515,12.3293,0.0853492,-0.381818,-0.0162566
6.19333,133.541,-45.2691,-380.04,-11.2059,-53.3908,-34.0378,0.129974,-0.369889,-0.0123725
6.2,78.0913,-60.1453,-369.304,-2.84006,-35.8543,30.8113,0.0760054,-0.35944,-0.00830871
6.20667,86.5223,-22.6802,-392.181,-25.4433,-70.8663,13.6185,0.0842112,-0.381706,-0.0164222
6.21333,133.094,-45.3255,-378.988,-10.9787,-54.4068,-33.1907,0.129539,-0.368865,-0.012608
6.22,79.5107,-59.4823,-368.862,-3.76512,-36.1848,29.5841,0.0773869,-0.359009,-0.00838531
6.22667,85.5946,-22.641,-391.848,-25.7767,-71.1883,14.1531,0.0833083,-0.381381,-0.0164969
6.23333,132.449,-45.3559,-378.386,-10.771,-55.3023,-32.0488,0.128911,-0.368279,-0.0128155
6.24,80.4712,-59.0724,-368.278,-3.92309,-36.3316,27.8046,0.0783217,-0.358441,-0.00841933
6.24667,84.7953,-22.9187,-391.716,-25.9304,-71.512,14.91,0.0825303,-0.381253,-0.0165719
6.25333,132.032,-45.6072,-377.534,-10.349,-55.3049,-30.8897,0.128505,-0.36745,-0.0128161
6.26,81.7493,-58.5771,-368.17,-4.21953,-37.0563,26.4848,0.0795657,-0.358336,-0.00858726
6.26667,83.8344,-22.8669,-391.348,-25.9169,-71.9328,15.5544,0.0815951,-0.380895,-0.0166694
6.27333,131.099,-45.9912,-377.371,-10.1569,-55.0461,-29.9758,0.127597,-0.367291,-0.0127561
6.28,83.0787,-57.9526,-367.548,-4.53525,-36.1451,24.6985,0.0808596,-0.35773,-0.0083761
6.28667,83.3908,-23.0951,-392.027,-26.3123,-70.9963,15.963,0.0811634,-0.381556,-0.0164524
6.29333,130.57,-45.9792,-377.7,-10.3281,-54.6925,-28.62,0.127083,-0.367611,-0.0126742
6.3,84.1818,-57.7055,-367.532,-4.69253,-36.2208,23.2491,0.0819332,-0.357715,-0.00839365
6.30667,83.2957,-23.1123,-392.251,-26.375,-70.8762,16.3397,0.0810708,-0.381773,-0.0164245
6.31333,129.346,-46.1676,-377.431,-10.1071,-54.505,-27.6937,0.125891,-0.367349,-0.0126308
6.32,85.6923,-57.3414,-367.087,-4.7058,-35.1765,21.4985,0.0834034,-0.357281,-0.00815163
6.32667,82.83,-23.2571,-392.794,-26.4973,-70.1564,16.2304,0.0806175,-0.382302,-0.0162577
6.33333,128.228,-46.7101,-378.228,-9.68216,-54.2177,-26.26,0.124803,-0.368125,-0.0125642
6.34,87.0707,-57.0435,-367.474,-4.55185,-34.3325,19.7171,0.0847449,-0.357659,-0.00795607
6.34667,82.7276,-23.3786,-393.398,-26.9703,-69.9238,16.447,0.0805179,-0.38289,-0.0162038
6.35333,127.4,-47.1237,-378.382,-9.38405,-55.1801,-25.0868,0.123997,-0.368275,-0.0127872
6.36,87.9282,-56.7001,-367.107,-4.33871,-34.8459,18.7614,0.0855796,-0.357301,-0.00807504
6.36667,82.8504,-23.5023,-393.588,-26.7123,-69.7551,16.1466,0.0806374,-0.383075,-0.0161647
6.37333,125.815,-47.3494,-378.341,-9.67631,-55.8607,-23.2659,0.122454,-0.368235,-0.0129449
6.38,88.8542,-56.5739,-366.093,-4.34313,-34.8925,17.2613,0.0864808,-0.356314,-0.00808584
6.38667,82.8312,-23.2052,-393.287,-26.928,-69.7566,16.2189,0.0806187,-0.382782,-0.0161651
6.39333,124.755,-47.7652,-378.645,-9.62281,-56.3017,-22.0322,0.121423,-0.368531,-0.0130471
6.4,89.6842,-55.8528,-365.27,-4.0061,-35.0568,16.2804,0.0872887,-0.355513,-0.0081239
6.40667,83.1657,-23.3596,-392.566,-27.3255,-69.4741,16.3923,0.0809443,-0.38208,-0.0160996
6.41333,123.509,-47.7345,-378.656,-10.6364,-57.1912,-20.3902,0.12021,-0.368541,-0.0132532
6.42,90.6155,-55.7561,-364.886,-3.90112,-35.07,14.8597,0.0881951,-0.35514,-0.00812696
6.42667,83.4398,-23.3687,-392.924,-27.2222,-69.1576,15.7972,0.081211,-0.382429,-0.0160263
6.43333,122.29,-47.9676,-378.964,-10.7154,-57.9931,-19.0151,0.119024,-0.368841,-0.0134391
6.44,91.3258,-55.4302,-363.787,-3.32664,-35.4949,13.8408,0.0888864,-0.35407,-0.00822543
6.44667,83.94,-23.5049,-392.197,-26.5737,-69.5946,15.3852,0.0816979,-0.381721,-0.0161275
6.45333,121.272,-48.165,-379.468,-11.1308,-58.3355,-17.8831,0.118033,-0.369332,-0.0135184
6.46,92.0022,-55.1207,-363.29,-2.94103,-35.1985,12.8257,0.0895448,-0.353586,-0.00815674
6.46667,84.4703,-23.3282,-391.551,-27.0822,-68.2428,15.1925,0.082214,-0.381092,-0.0158143
6.47333,120.323,-48.341,-380.167,-11.4391,-58.5303,-16.2345,0.117109,-0.370012,-0.0135635
6.48,92.5879,-54.8262,-362.826,-2.78919,-35.3549,11.9902,0.0901148,-0.353134,-0.00819298
6.48667,84.9165,-23.6684,-391.383,-26.1247,-67.7123,14.558,0.0826483,-0.380929,-0.0156914
6.49333,118.749,-48.6382,-381.077,-11.743,-58.6689,-15.0185,0.115577,-0.370898,-0.0135957
6.5,93.0965,-54.7315,-363.256,-3.05649,-34.4688,10.6408,0.0906098,-0.353553,-0.00798764
6.50667,86.1682,-23.4164,-391.242,-26.291,-65.7469,13.6723,0.0838665,-0.380791,-0.0152359
6.51333,117.802,-48.6743,-382.414,-12.6072,-58.5713,-13.633,0.114655,-0.3722,-0.0135731
6.52,93.6865,-54.4456,-363.402,-2.48645,-34.5571,10.0797,0.0911841,-0.353695,-0.0080081
6.52667,86.7881,-23.7191,-391.277,-25.704,-65.3296,13.1197,0.0844699,-0.380826,-0.0151392
6.53333,116.571,-48.7769,-382.875,-13.2646,-59.7542,-12.1499,0.113458,-0.372648,-0.0138472
6.54,93.6994,-53.9639,-363.074,-3.02057,-34.8408,9.17652,0.0911966,-0.353376,-0.00807385
6.54667,87.0944,-23.7804,-390.492,-25.415,-65.4692,12.6687,0.084768,-0.380061,-0.0151715
6.55333,115.885,-49.0486,-383.553,-13.5696,-60.264,-10.9749,0.112789,-0.373308,-0.0139653
6.56,93.8391,-53.8227,-362.726,-2.70776,-35.7129,8.64213,0.0913326,-0.353037,-0.00827594
6.56667,87.9503,-23.9054,-388.96,-24.9081,-64.6283,12.2908,0.0856011,-0.378571,-0.0149767
6.57333,115.006,-49.0862,-383.444,-14.2254,-60.6999,-9.48056,0.111934,-0.373202,-0.0140663
6.58,93.8378,-53.651,-362.566,-2.86038,-36.6922,7.13703,0.0913313,-0.352882,-0.0085029
6.58667,88.9911,-23.7568,-387.871,-23.9889,-64,11.6922,0.086614,-0.377511,-0.0148311
6.59333,114.333,-49.4448,-383.862,-14.2052,-61.2863,-7.91697,0.111279,-0.373608,-0.0142022
6.6,93.9632,-53.2203,-362.52,-3.63657,-37.2847,6.9211,0.0914533,-0.352837,-0.00864018
6.60667,89.3429,-23.7383,-386.673,-23.6933,-63.5692,11.2427,0.0869565,-0.376345,-0.0147312
6.61333,113.797,-49.6286,-384.348,-14.6195,-61.1735,-6.90774,0.110758,-0.374082,-0.0141761
6.62,93.9515,-52.7109,-362.787,-3.8759,-37.8493,6.30603,0.091442,-0.353097,-0.00877103
6.62667,89.7736,-24.3191,-385.88,-22.5623,-61.9901,10.3126,0.0873756,-0.375572,-0.0143653
6.63333,113.311,-49.9047,-385.328,-14.9452,-61.2195,-5.79978,0.110284,-0.375036,-0.0141867
6.64,94.1883,-52.5688,-363.379,-3.81641,-37.9053,5.28519,0.0916725,-0.353673,-0.008784
6.64667,90.4417,-24.3111,-385.694,-22.3348,-60.3647,9.61393,0.0880259,-0.375392,-0.0139886
6.65333,112.688,-49.9995,-386.595,-15.8158,-60.2615,-4.77845,0.109678,-0.376269,-0.0139647
6.66,94.1422,-52.2749,-364.327,-4.37648,-38.3988,4.75844,0.0916276,-0.354596,-0.00889836
6.66667,91.2738,-24.5765,-384.926,-20.9233,-58.9,8.80972,0.0888358,-0.374644,-0.0136492
6.67333,111.807,-50.3251,-386.823,-15.8242,-60.4989,-3.43674,0.108821,-0.37649,-0.0140197
6.68,94.4339,-51.7668,-365.462,-5.26656,-39.349,4.46306,0.0919115,-0.355701,-0.00911857
6.68667,91.605,-24.5646,-383.929,-20.6515,-58.5296,8.15778,0.0891582,-0.373674,-0.0135634
6.69333,111.457,-50.4456,-386.726,-16.1867,-60.5513,-1.77586,0.10848,-0.376396,-0.0140319
6.7,94.3927,-51.423,-366.217,-5.78787,-40.7312,3.56064,0.0918714,-0.356435,-0.00943887
6.70667,91.7906,-24.7136,-382.103,-19.7555,-58.5259,7.95811,0.0893388,-0.371897,-0.0135625
6.71333,110.818,-50.6001,-386.399,-16.4013,-60.3874,-0.854424,0.107858,-0.376078,-0.0139939
6.72,94.2745,-50.7708,-366.228,-6.79085,-42.7228,3.02113,0.0917564,-0.356446,-0.00990039
6.72667,92.381,-24.8562,-381.293,-18.4768,-58.2288,7.308,0.0899135,-0.371108,-0.0134937
6.73333,109.994,-50.9595,-386.057,-16.6585,-61.064,0.518458,0.107056,-0.375745,-0.0141507
6.74,94.4328,-50.4568,-367.174,-8.11916,-43.9055,2.4896,0.0919104,-0.357366,-0.0101745
6.74667,92.7124,-24.8684,-379.762,-18.3859,-57.7539,6.84268,0.090236,-0.369618,-0.0133836
6.75333,109.682,-51.176,-385.878,-16.8305,-60.1091,2.04556,0.106752,-0.375571,-0.0139294
6.76,94.6107,-50.0888,-367.64,-9.08181,-45.5944,1.90183,0.0920835,-0.35782,-0.0105658
6.76667,92.8678,-24.9795,-378.794,-17.4692,-57.5386,5.97218,0.0903873,-0.368676,-0.0133337
6.77333,108.48,-51.4381,-385.177,-16.1594,-60.3578,3.44585,0.105582,-0.374889,-0.0139871
6.78,94.931,-49.3804,-368.367,-10.1039,-46.7598,1.2859,0.0923953,-0.358527,-0.0108359
6.78667,93.0777,-24.9654,-377.321,-16.5567,-57.5698,5.06006,0.0905915,-0.367242,-0.013341
6.79333,108.073,-51.7847,-384.544,-15.9227,-59.9173,4.88741,0.105186,-0.374273,-0.013885
6.8,94.9914,-48.9532,-369.511,-10.8346,-47.1501,0.522246,0.0924541,-0.359641,-0.0109263
6.80667,93.6146,-25.1489,-376.862,-15.72,-57.0489,4.24242,0.0911141,-0.366795,-0.0132203
6.81333,107.227,-52.4397,-384.286,-15.1159,-57.6633,6.18955,0.104363,-0.374021,-0.0133626
6.82,95.342,-48.5571,-370.951,-11.8621,-47.3506,-0.124222,0.0927953,-0.361042,-0.0109728
6.82667,94.2708,-25.3846,-376.679,-14.7558,-54.8062,3.00802,0.0917527,-0.366618,-0.0127005
6.83333,106.986,-52.729,-384.304,-14.885,-56.0526,7.8474,0.104128,-0.374039,-0.0129894
6.84,95.9256,-48.0608,-372.924,-13.0898,-47.3743,-0.679311,0.0933633,-0.362962,-0.0109783
6.84667,94.4072,-25.6729,-377.134,-14.4931,-55.2828,2.23945,0.0918855,-0.367061,-0.012811
6.85333,106.075,-53.3118,-384.851,-14.4914,-55.4973,9.15752,0.103242,-0.374572,-0.0128607
6.86,96.1903,-47.6607,-374.336,-14.5155,-49.1009,-1.39065,0.093621,-0.364337,-0.0113784
6.86667,95.2727,-25.6434,-377.005,-14.6537,-54.9008,1.01011,0.0927279,-0.366935,-0.0127225
6.87333,105.123,-53.6934,-383.806,-13.9796,-54.9712,11.0856,0.102315,-0.373554,-0.0127388
6.88,96.5589,-47.0138,-374.944,-15.6232,-50.2715,-1.6704,0.0939797,-0.364929,-0.0116497
6.88667,95.7336,-25.6656,-376.589,-14.278,-55.7269,-0.361305,0.0931765,-0.36653,-0.0129139
6.89333,104.173,-54.0637,-381.668,-12.8538,-54.6894,12.6836,0.10139,-0.371474,-0.0126735
6.9,96.7058,-46.748,-375.495,-16.3966,-52.3703,-1.67702,0.0941227,-0.365465,-0.0121361
6.90667,96.2022,-25.5451,-375.548,-13.8351,-57.073,-1.20858,0.0936326,-0.365517,-0.0132258
6.91333,102.935,-54.577,-380.562,-11.6311,-54.867,14.649,0.100185,-0.370397,-0.0127146
6.92,97.0274,-46.1337,-375.934,-17.6807,-52.9408,-2.13554,0.0944357,-0.365892,-0.0122683
6.92667,96.8285,-25.5041,-375.034,-13.6947,-57.3491,-2.71587,0.0942421,-0.365016,-0.0132898
6.93333,101.962,-54.6077,-378.698,-10.9824,-53.6284,16.2783,0.0992382,-0.368582,-0.0124276
6.94,97.4621,-45.6548,-376.779,-18.6855,-53.4065,-2.0294,0.0948588,-0.366715,-0.0123762
6.94667,97.6958,-25.3383,-375.144,-13.7146,-57.1151,-4.36435,0.0950863,-0.365124,-0.0132356
6.95333,100.778,-55.2219,-378.192,-9.63552,-51.8476,17.6687,0.098086,-0.36809,-0.0120149
6.96,97.67,-45.3768,-378.3,-19.803,-53.6325,-2.23498,0.0950612,-0.368195,-0.0124286
6.96667,98.6836,-25.5993,-375.92,-13.5343,-56.7154,-6.01196,0.0960476,-0.365878,-0.013143
6.97333,99.99,-55.4997,-377.517,-8.5499,-49.9342,19.3026,0.0973192,-0.367433,-0.0115715
6.98,98.2719,-44.9223,-379.637,-20.9238,-53.5604,-2.40156,0.095647,-0.369496,-0.0124118
6.98667,99.7138,-25.82,-376.945,-13.9359,-55.9873,-7.98293,0.0970504,-0.366877,-0.0129742
6.99333,99.1598,-56.2214,-377.281,-7.81853,-48.3786,20.3947,0.0965112,-0.367203,-0.011211
7,98.6806,-44.7843,-380.86,-20.9429,-53.8605,-1.99723,0.0960448,-0.370687,-0.0124814
7.00667,100.801,-25.6493,-377.615,-14.2487,-56.54,-9.55373,0.0981082,-0.367528,-0.0131023
7.01333,97.7135,-56.8117,-376.938,-6.04836,-48.2389,22.0818,0.0951035,-0.36687,-0.0111787
7.02,98.7333,-44.259,-381.645,-21.6919,-54.3112,-1.6644,0.096096,-0.371451,-0.0125858
7.02667,101.964,-25.8227,-378.079,-14.6781,-56.8232,-10.9941,0.0992407,-0.36798,-0.013168
7.03333,96.4118,-56.8955,-375.555,-4.78289,-47.8998,23.3279,0.0938366,-0.365524,-0.0111001
7.04,98.6688,-43.9134,-381.651,-22.504,-54.9291,-0.984241,0.0960333,-0.371457,-0.012729
7.04667,102.952,-25.9893,-378.195,-15.2134,-57.9306,-12.9379,0.100202,-0.368093,-0.0134246
7.05333,95.1787,-57.1026,-374.271,-4.08329,-47.512,24.6783,0.0926363,-0.364273,-0.0110102
7.06,98.7879,-43.4507,-381.397,-23.0351,-55.5865,-0.416273,0.0961492,-0.37121,-0.0128814
7.06667,104.239,-26.1044,-378.204,-15.619,-58.8689,-14.4005,0.101455,-0.368102,-0.013642
7.07333,94.1356,-57.2007,-373.055,-2.46724,-46.6357,25.0759,0.0916211,-0.36309,-0.0108071
7.08,98.2611,-42.8078,-381.623,-23.3113,-55.5978,0.608392,0.0956364,-0.37143,-0.012884
7.08667,105.239,-26.4346,-378.566,-16.9122,-60.1023,-16.3159,0.102428,-0.368455,-0.0139278
7.09333,92.6243,-57.5474,-372.222,-1.98756,-46.8028,26.3408,0.0901503,-0.36228,-0.0108459
7.1,98.1052,-42.169,-381.57,-23.4611,-56.1932,1.29164,0.0954847,-0.371378,-0.013022
7.10667,106.55,-26.5046,-379.401,-17.4711,-60.2574,-17.6899,0.103704,-0.369267,-0.0139638
7.11333,91.6767,-57.6902,-371.301,-0.61053,-46.002,26.7633,0.0892279,-0.361383,-0.0106603
7.12,98.13,-42.0075,-382.346,-23.8872,-56.5472,2.20638,0.0955089,-0.372134,-0.013104
7.12667,108.128,-26.7843,-380.355,-18.7561,-60.2928,-19.2498,0.10524,-0.370195,-0.013972
7.13333,90.5533,-57.9493,-371.191,0.623543,-44.6958,26.9219,0.0881345,-0.361276,-0.0103576
7.14,97.5285,-41.4152,-382.299,-23.6122,-55.331,2.54195,0.0949234,-0.372088,-0.0128222
7.14667,110.029,-27.281,-381.103,-19.5319,-59.6334,-20.5492,0.10709,-0.370923,-0.0138192
7.15333,89.5496,-58.5039,-371.206,1.60288,-43.7032,27.2396,0.0871577,-0.361291,-0.0101276
7.16,97.2697,-40.9578,-382.955,-23.4303,-55.4865,3.53422,0.0946716,-0.372726,-0.0128582
7.16667,111.711,-27.633,-382.514,-20.1883,-59.3677,-21.9062,0.108727,-0.372297,-0.0137576
7.17333,88.6931,-58.9291,-370.895,1.95742,-42.5801,27.6059,0.0863241,-0.360988,-0.00986731
7.18,96.7402,-40.1232,-383.168,-23.4282,-55.5551,4.54955,0.0941562,-0.372934,-0.0128741
7.18667,112.841,-27.9677,-382.931,-21.352,-59.9984,-23.0425,0.109827,-0.372702,-0.0139038
7.19333,87.5631,-58.9785,-370.351,3.08251,-43.2224,28.0132,0.0852242,-0.360458,-0.0100162
7.2,96.0509,-39.2271,-382.318,-22.836,-56.3675,5.3329,0.0934853,-0.372106,-0.0130623
7.20667,114.342,-28.3874,-382.367,-21.9666,-61.2802,-23.9957,0.111288,-0.372153,-0.0142008
7.21333,86.3043,-59.5714,-369.828,3.65519,-43.4869,28.2761,0.083999,-0.35995,-0.0100775
7.22,94.9075,-38.3076,-381.635,-22.5497,-57.2805,6.36948,0.0923725,-0.371442,-0.0132739
7.22667,116.39,-28.8245,-382.559,-22.9002,-61.5132,-24.7258,0.113281,-0.37234,-0.0142548
7.23333,85.5636,-59.987,-368.793,3.62013,-43.3937,28.9346,0.0832781,-0.358943,-0.0100559
7.24,94.0991,-37.5578,-381.663,-21.761,-57.1882,6.87049,0.0915857,-0.371469,-0.0132525
7.24667,118.221,-29.1352,-383.263,-23.808,-61.6274,-25.8086,0.115064,-0.373025,-0.0142813
7.25333,84.9351,-60.5556,-369.175,4.12784,-42.7745,29.0247,0.0826664,-0.359314,-0.00991236
7.26,93.1297,-36.7121,-381.567,-21.4206,-56.9117,7.89228,0.0906421,-0.371375,-0.0131885
7.26667,120.197,-29.6392,-384.359,-24.3656,-60.9341,-26.7683,0.116986,-0.374093,-0.0141206
7.27333,84.5453,-61.2729,-370.402,4.12499,-41.6371,29.1693,0.082287,-0.360509,-0.00964879
7.28,91.7597,-35.8075,-382.05,-20.6568,-56.9372,8.28904,0.0893088,-0.371845,-0.0131944
7.28667,122.352,-30.1404,-384.932,-25.4746,-60.6746,-28.2192,0.119084,-0.37465,-0.0140605
7.29333,83.7667,-61.6731,-370.214,4.30503,-41.7361,29.4097,0.0815292,-0.360326,-0.00967173
7.3,90.5687,-35.049,-382.049,-20.0305,-56.9205,9.13426,0.0881495,-0.371844,-0.0131905
7.30667,124.217,-30.1493,-385.296,-25.4261,-60.9485,-28.857,0.120899,-0.375005,-0.0141239
7.31333,83.1942,-62.5375,-369.918,4.15685,-41.9871,30.1811,0.080972,-0.360037,-0.0097299
7.32,88.6319,-33.9849,-381.89,-19.2826,-58.1651,10.0601,0.0862645,-0.371689,-0.0134789
7.32667,125.912,-30.1691,-384.442,-25.5319,-61.7099,-30.1849,0.122549,-0.374173,-0.0143004
7.33333,82.7385,-63.4823,-369.529,3.99558,-41.5868,30.5559,0.0805285,-0.359659,-0.00963713
7.34,87.1508,-32.8708,-381.785,-18.4012,-58.3147,11.0707,0.0848229,-0.371587,-0.0135136
7.34667,127.886,-30.2231,-384.285,-26.1567,-60.9225,-31.7599,0.12447,-0.37402,-0.0141179
7.35333,82.9367,-64.6412,-369.381,3.93798,-41.1794,31.1962,0.0807213,-0.359514,-0.00954274
7.36,85.2006,-31.9745,-382.245,-18.16,-59.0053,11.9741,0.0829248,-0.372034,-0.0136736
7.36667,129.769,-30.1769,-383.757,-26.1947,-60.8798,-32.8069,0.126303,-0.373507,-0.014108
7.37333,83.5261,-65.6188,-370.048,3.27431,-40.2607,31.0136,0.081295,-0.360164,-0.00932983
7.38,83.2034,-31.4532,-383.013,-17.6815,-59.476,12.8072,0.080981,-0.372783,-0.0137827
7.38667,131.702,-29.9677,-384.449,-26.5705,-60.0501,-34.7753,0.128184,-0.37418,-0.0139157
7.39333,83.8797,-66.8464,-369.834,3.09564,-39.6065,31.1294,0.0816392,-0.359956,-0.00917823
7.4,81.1843,-30.6214,-383.607,-17.4454,-59.4541,14.5264,0.0790158,-0.373361,-0.0137776
7.40667,133.587,-29.4609,-384.346,-26.4363,-59.5623,-36.1825,0.130019,-0.37408,-0.0138027
7.41333,84.6117,-68.0719,-369.983,2.52653,-39.3506,31.3321,0.0823517,-0.360101,-0.00911894
7.42,78.6295,-30.1078,-384.125,-17.2649,-60.666,15.8614,0.0765292,-0.373865,-0.0140585
7.42667,134.589,-28.7582,-383.794,-26.0504,-60.1428,-37.782,0.130994,-0.373543,-0.0139372
7.43333,85.3279,-69.0802,-369.544,2.10024,-39.5579,31.4623,0.0830487,-0.359673,-0.00916697
7.44,75.9658,-29.5354,-383.937,-16.8132,-62.6041,18.0091,0.0739367,-0.373682,-0.0145076
7.44667,135.6,-28.2104,-383.184,-25.4221,-60.9848,-39.3744,0.131978,-0.372949,-0.0141323
7.45333,86.2958,-69.8814,-367.797,2.37023,-38.9842,31.1163,0.0839908,-0.357972,-0.00903402
7.46,73.4965,-29.1832,-383.986,-17.0988,-62.9843,19.6722,0.0715333,-0.373729,-0.0145957
7.46667,136.645,-27.1256,-382.629,-25.2238,-60.4918,-40.7556,0.132995,-0.372408,-0.0140181
7.47333,87.8621,-70.7318,-367.456,2.50874,-37.6841,30.7855,0.0855152,-0.357641,-0.00873274
7.48,71.5745,-28.9166,-384.954,-17.1679,-63.3231,21.9659,0.0696627,-0.374672,-0.0146742
7.48667,137.226,-26.3039,-383.044,-25.6263,-60.7555,-42.1315,0.13356,-0.372812,-0.0140792
7.49333,89.4675,-71.9339,-367.24,2.20254,-36.3123,29.7455,0.0870778,-0.35743,-0.00841486
7.5,69.4833,-29.2837,-386.384,-17.467,-63.9332,24.3931,0.0676273,-0.376063,-0.0148156
7.50667,137.553,-25.3405,-382.955,-25.0416,-60.8807,-43.6023,0.133879,-0.372726,-0.0141082
7.51333,91.4886,-72.4696,-367.152,2.22628,-35.6932,28.6523,0.0890448,-0.357345,-0.00827138
7.52,67.6276,-29.5943,-387.094,-17.6465,-64.5927,26.2579,0.0658212,-0.376754,-0.0149684
7.52667,137.691,-24.328,-382.887,-25.3788,-61.0285,-44.7152,0.134013,-0.37266,-0.0141425
7.53333,93.3683,-73.2251,-365.83,2.1464,-34.7263,27.4102,0.0908743,-0.356059,-0.00804732
7.54,65.5638,-30.0995,-387.603,-17.4693,-65.9528,29.2161,0.0638125,-0.37725,-0.0152836
7.54667,137.406,-23.4343,-382.863,-25.0935,-62.3383,-45.463,0.133736,-0.372636,-0.014446
7.55333,95.1489,-73.7464,-364.61,2.79673,-34.1181,26.0811,0.0926074,-0.354871,-0.00790638
7.56,63.9611,-30.648,-388.256,-18.0662,-65.9509,31.3621,0.0622526,-0.377886,-0.0152832
7.56667,136.946,-22.4751,-382.953,-25.1331,-62.7367,-46.3694,0.133288,-0.372724,-0.0145383
7.57333,97.6231,-74.2397,-364.026,2.79144,-31.7673,24.0459,0.0950155,-0.354303,-0.00736162
7.58,62.5913,-31.2754,-389.046,-18.0683,-65.6931,33.3356,0.0609194,-0.378654,-0.0152234
7.58667,136.456,-21.7067,-384.827,-25.3457,-62.3119,-46.5319,0.132811,-0.374548,-0.0144399
7.59333,99.7582,-74.3615,-364.292,2.71086,-29.7478,21.6224,0.0970936,-0.354562,-0.00689362
7.6,61.8426,-32.0119,-390.413,-18.4363,-64.6586,35.6637,0.0601907,-0.379985,-0.0149837
7.60667,135.402,-21.2375,-385.373,-25.6703,-62.914,-46.0682,0.131785,-0.37508,-0.0145794
7.61333,101.544,-74.1246,-363.118,3.04416,-28.7999,19.915,0.0988319,-0.353418,-0.00667397
7.62,60.6842,-32.6704,-390.709,-18.3694,-65.4991,37.6046,0.0590633,-0.380273,-0.0151785
7.62667,134.106,-20.4017,-385.621,-25.7489,-65.1863,-45.9418,0.130524,-0.375321,-0.015106
7.63333,103.088,-73.9752,-361.449,2.67758,-28.9237,17.4753,0.100334,-0.351795,-0.00670264
7.64,59.7426,-33.3128,-389.705,-18.5198,-66.6894,39.4618,0.0581468,-0.379295,-0.0154543
7.64667,132.327,-19.7582,-385.477,-26.0982,-66.9367,-45.0455,0.128793,-0.375181,-0.0155116
7.65333,104.606,-73.5068,-359.766,3.40667,-28.4072,15.2366,0.101812,-0.350157,-0.00658295
7.66,59.5169,-34.1348,-389.988,-18.4688,-66.1918,41.0143,0.0579272,-0.379571,-0.015339
7.66667,131.402,-19.4165,-386.16,-26.4679,-67.8991,-44.1931,0.127892,-0.375845,-0.0157346
7.67333,106.038,-73.0912,-358.681,3.71963,-27.648,12.6466,0.103205,-0.3491,-0.00640702
7.68,59.3649,-34.8089,-389.634,-18.6174,-66.1939,42.2501,0.0577792,-0.379226,-0.0153395
7.68667,129.784,-19.1696,-386.592,-26.766,-69.2255,-42.9118,0.126317,-0.376266,-0.016042
7.69333,107.589,-72.4971,-357.485,3.81831,-26.4934,10.3339,0.104715,-0.347936,-0.00613945
7.7,59.6521,-35.751,-389.559,-17.9382,-66.3443,43.1908,0.0580588,-0.379153,-0.0153743
7.70667,128.345,-18.8613,-387.952,-27.4019,-69.7808,-41.5472,0.124916,-0.37759,-0.0161707
7.71333,108.994,-72.0287,-356.322,4.58535,-25.9583,8.0601,0.106082,-0.346804,-0.00601545
7.72,60.1281,-36.3723,-390.101,-17.6076,-65.6881,44.0386,0.058522,-0.379681,-0.0152223
7.72667,127.176,-19.1034,-389.792,-27.7758,-70.4285,-39.8326,0.123779,-0.379381,-0.0163208
7.73333,110.3,-71.5572,-356.715,4.4828,-24.6285,5.28836,0.107354,-0.347187,-0.00570729
7.74,60.9479,-37.413,-390.424,-16.7341,-63.2331,44.4934,0.0593199,-0.379995,-0.0146534
7.74667,125.973,-19.2765,-391.631,-28.0772,-70.5996,-38.4905,0.122609,-0.38117,-0.0163604
7.75333,110.888,-70.719,-356.99,4.20592,-23.2242,3.50048,0.107926,-0.347454,-0.00538187
7.76,61.268,-37.6411,-390.362,-16.5321,-61.9035,44.4851,0.0596315,-0.379935,-0.0143452
7.76667,124.738,-19.1699,-392.864,-28.7499,-72.0365,-36.5659,0.121406,-0.38237,-0.0166934
7.77333,111.587,-70.0613,-356.329,3.97492,-23.5044,1.45516,0.108607,-0.346811,-0.0054468
7.78,61.7177,-38.0518,-389.134,-16.0244,-62.3355,44.3098,0.0600691,-0.37874,-0.0144453
7.78667,123.15,-19.2804,-393.348,-29.6224,-74.4756,-34.4667,0.11986,-0.382841,-0.0172587
7.79333,111.551,-69.158,-354.756,3.69641,-24.3102,0.172721,0.108571,-0.34528,-0.00563354
7.8,62.6047,-38.2183,-387.749,-15.2658,-61.1713,44.3926,0.0609324,-0.377392,-0.0141756
7.80667,122.116,-19.4505,-394.394,-29.8947,-75.3909,-32.6884,0.118854,-0.38386,-0.0174708
7.81333,111.88,-68.44,-354.402,3.05355,-22.8739,-1.5679,0.108892,-0.344936,-0.00530069
7.82,63.2157,-38.6721,-386.538,-14.7576,-59.8647,43.5812,0.0615271,-0.376213,-0.0138728
7.82667,121.047,-19.8256,-395.459,-30.0892,-75.6006,-30.691,0.117814,-0.384896,-0.0175193
7.83333,112.021,-67.4856,-353.622,2.6512,-23.9709,-2.92461,0.109029,-0.344176,-0.00555491
7.84,63.527,-38.861,-384.899,-14.1673,-59.3018,43.2282,0.0618301,-0.374618,-0.0137423
7.84667,120.272,-20.5674,-396.232,-30.1263,-78.7475,-28.3871,0.117059,-0.385648,-0.0182486
7.85333,112.212,-66.6645,-353.467,2.25161,-25.1801,-4.31133,0.109215,-0.344026,-0.00583513
7.86,63.8104,-39.1392,-383.162,-13.3532,-59.2447,42.3895,0.062106,-0.372927,-0.0137291
7.86667,119.464,-21.0277,-397.23,-29.5655,-79.8847,-26.5724,0.116273,-0.38662,-0.0185121
7.87333,112.531,-66.0654,-353.406,1.62977,-25.1872,-5.45235,0.109525,-0.343966,-0.00583676
7.88,64.8134,-39.1829,-382.277,-12.5888,-56.664,41.3929,0.0630822,-0.372066,-0.0131311
7.88667,119.204,-21.3964,-398.106,-30.4874,-79.6123,-24.9179,0.11602,-0.387473,-0.018449
7.89333,112.39,-65.2734,-354.246,0.717363,-25.3981,-7.03423,0.109388,-0.344784,-0.00588564
7.9,65.4421,-39.1238,-381.458,-12.4197,-54.3897,40.3823,0.0636941,-0.371269,-0.012604
7.90667,118.719,-22.251,-399.838,-29.9557,-79.6278,-23.1213,0.115548,-0.389158,-0.0184526
7.91333,112.648,-64.3714,-355.503,-0.34117,-25.8592,-7.70875,0.109639,-0.346007,-0.0059925
7.92,65.908,-39.6192,-380.204,-12.0302,-53.0125,39.3741,0.0641475,-0.370048,-0.0122849
7.92667,117.984,-23.0472,-400.829,-29.8133,-79.9862,-21.2814,0.114833,-0.390122,-0.0185356
7.93333,112.404,-64.0263,-356.213,-1.34344,-27.0801,-8.14607,0.109402,-0.346698,-0.00627542
7.94,66.0816,-39.3669,-378.988,-10.9421,-52.4693,38.2406,0.0643165,-0.368865,-0.012159
7.94667,117.426,-23.3644,-400.64,-29.579,-80.7987,-19.4445,0.114289,-0.389939,-0.0187239
7.95333,112.356,-63.3572,-356.373,-2.20205,-28.376,-8.46106,0.109355,-0.346854,-0.00657573
7.96,66.6385,-39.0975,-377.431,-10.6972,-50.7092,37.021,0.0648585,-0.36735,-0.0117511
7.96667,117.11,-24.0696,-400.882,-28.8287,-81.3117,-18.2639,0.113982,-0.390174,-0.0188428
7.97333,112.901,-62.7987,-356.741,-2.87121,-29.8564,-9.08064,0.109886,-0.347212,-0.00691879
7.98,66.4505,-38.7535,-375.571,-10.3537,-49.8963,36.1594,0.0646755,-0.365539,-0.0115627
7.98667,116.663,-24.7721,-400.47,-28.5483,-81.6691,-16.1675,0.113547,-0.389773,-0.0189256
7.99333,112.992,-62.4592,-357.211,-3.73329,-31.0474,-8.75459,0.109973,-0.347669,-0.00719477
8,66.5811,-38.518,-373.803,-10.3399,-49.7016,35.0536,0.0648027,-0.363818,-0.0115176
8.00667,116.647,-25.5356,-399.97,-28.0518,-81.9178,-14.7066,0.113531,-0.389286,-0.0189833
8.01333,113.234,-62.1739,-358.949,-4.81207,-32.47,-9.21822,0.110209,-0.349361,-0.00752445
8.02,67.0416,-38.4063,-372.708,-10.0165,-48.4199,33.6013,0.0652508,-0.362753,-0.0112206
8.02667,115.996,-25.8629,-400.153,-27.2295,-81.4439,-13.4437,0.112898,-0.389464,-0.0188734
8.03333,113.959,-62.0551,-360.494,-5.4157,-32.5711,-9.6904,0.110915,-0.350865,-0.00754788
8.04,67.2481,-38.0137,-372.719,-9.74856,-46.1338,32.1509,0.0654519,-0.362763,-0.0106908
8.04667,116.003,-26.7583,-400.619,-26.2601,-80.1744,-12.4344,0.112904,-0.389918,-0.0185793
8.05333,114.296,-61.8886,-361.793,-5.73415,-33.6295,-9.28311,0.111243,-0.352129,-0.00779314
8.06,67.2058,-37.8228,-372.122,-9.579,-45.0827,31.2381,0.0654106,-0.362182,-0.0104473
8.06667,115.291,-27.3023,-400.872,-25.4364,-79.3872,-11.2466,0.112211,-0.390164,-0.0183968
8.07333,114.649,-61.9139,-363.269,-6.50769,-34.6925,-9.35678,0.111587,-0.353565,-0.00803947
8.08,67.1213,-37.6937,-371.456,-9.84978,-44.714,30.2992,0.0653284,-0.361534,-0.0103618
8.08667,114.947,-27.5642,-400.549,-24.1211,-78.8578,-10.5038,0.111877,-0.38985,-0.0182741
8.09333,115.396,-61.9631,-364.853,-7.26513,-35.7561,-9.42001,0.112314,-0.355107,-0.00828595
8.1,67.438,-37.1687,-371.34,-10.4827,-43.7537,29.337,0.0656367,-0.361421,-0.0101393
8.10667,114.526,-27.9596,-400.498,-23.8278,-78.1148,-9.59601,0.111467,-0.3898,-0.018102
8.11333,116.055,-62.0871,-365.901,-7.43084,-36.7071,-8.94153,0.112955,-0.356128,-0.00850634
8.12,67.5253,-36.9888,-370.489,-11.0141,-43.6973,28.1589,0.0657217,-0.360593,-0.0101262
8.12667,113.545,-28.3258,-399.523,-22.6297,-77.9981,-8.7574,0.110512,-0.388851,-0.0180749
8.13333,116.765,-62.2122,-367.074,-8.2058,-39.0757,-8.76348,0.113646,-0.357269,-0.00905522
8.14,67.6338,-36.6349,-370.019,-11.3391,-44.6022,27.281,0.0658273,-0.360135,-0.0103359
8.14667,113.009,-28.1558,-398.435,-22.6232,-77.6419,-7.94974,0.10999,-0.387792,-0.0179924
8.15333,117.228,-62.3758,-367.239,-8.58663,-40.1246,-8.40668,0.114097,-0.35743,-0.00929829
8.16,67.8278,-35.9912,-369.377,-12.052,-44.4227,26.2833,0.066016,-0.359511,-0.0102943
8.16667,112.129,-28.4172,-397.696,-21.6808,-76.4814,-7.29679,0.109134,-0.387074,-0.0177234
8.17333,118.302,-62.7266,-368.457,-8.68032,-40.407,-8.06533,0.115142,-0.358615,-0.00936374
8.18,68.2835,-36.1348,-369.133,-12.3098,-43.3743,25.3105,0.0664596,-0.359273,-0.0100514
8.18667,111.039,-28.4897,-397.143,-20.8125,-74.9943,-6.58736,0.108073,-0.386535,-0.0173788
8.19333,118.831,-63.0957,-369.471,-7.98459,-40.7388,-7.78107,0.115657,-0.359602,-0.00944062
8.2,68.5957,-35.9051,-369.345,-12.5865,-43.0895,24.4368,0.0667634,-0.35948,-0.00998537
8.20667,109.738,-28.2785,-396.869,-20.3692,-73.7063,-6.04661,0.106807,-0.386269,-0.0170804
8.21333,119.883,-63.3699,-371.008,-8.39529,-41.9602,-7.57365,0.116681,-0.361098,-0.00972367
8.22,68.7211,-35.7738,-369.993,-13.1319,-42.8815,23.6734,0.0668855,-0.36011,-0.00993716
8.22667,108.599,-28.0155,-396.109,-19.837,-73.5401,-5.23957,0.105699,-0.385529,-0.0170419
8.23333,120.594,-63.6731,-371.867,-7.6875,-42.3398,-7.40017,0.117373,-0.361935,-0.00981164
8.24,69.5934,-35.7984,-370.176,-13.5931,-42.9013,23.359,0.0677345,-0.360288,-0.00994176
8.24667,107.174,-27.912,-395.901,-18.8154,-71.5578,-4.81207,0.104311,-0.385326,-0.0165825
8.25333,121.272,-63.8203,-372.744,-7.89663,-42.4769,-7.43718,0.118032,-0.362788,-0.00984339
8.26,70.3558,-35.6549,-370.838,-14.4086,-42.2263,22.3397,0.0684766,-0.360932,-0.00978533
8.26667,106.099,-27.4295,-395.816,-18.631,-69.9701,-4.44367,0.103265,-0.385243,-0.0162146
8.27333,122.036,-64.0622,-373.569,-7.66516,-43.5279,-7.06988,0.118777,-0.363591,-0.010087
8.28,71.1127,-36.0357,-371.033,-14.9789,-42.8164,21.5094,0.0692132,-0.361122,-0.00992208
8.28667,104.386,-27.1383,-395.062,-18.9626,-70.6688,-4.0451,0.101598,-0.38451,-0.0163765
8.29333,122.394,-64.4144,-374.293,-6.86323,-44.6675,-6.93988,0.119125,-0.364295,-0.010351
8.3,72.1233,-36.2247,-371.195,-15.2782,-44.2565,21.0763,0.0701968,-0.36128,-0.0102558
8.30667,103.149,-26.7608,-394.072,-18.86,-70.3733,-3.46001,0.100393,-0.383546,-0.016308
8.31333,123.141,-64.4421,-374.372,-6.69191,-45.0163,-6.95544,0.119851,-0.364372,-0.0104319
8.32,73.3985,-36.7486,-371.247,-16.2331,-43.4365,19.8839,0.0714379,-0.361331,-0.0100658
8.32667,101.588,-26.2705,-393.941,-18.3593,-69.3027,-3.38833,0.0988741,-0.383419,-0.0160599
8.33333,123.461,-64.3696,-374.298,-6.08832,-44.978,-7.17367,0.120163,-0.3643,-0.010423
8.34,74.7276,-37.2194,-371.259,-16.0276,-43.6216,19.5012,0.0727316,-0.361342,-0.0101087
8.34667,100.012,-25.9955,-392.468,-18.5347,-69.2003,-2.71589,0.0973405,-0.381985,-0.0160362
8.35333,123.296,-64.0752,-375.052,-6.00233,-45.6544,-6.93509,0.120003,-0.365034,-0.0105797
8.36,75.625,-37.5649,-371.008,-16.1131,-44.9095,19.4793,0.0736049,-0.361098,-0.0104071
8.36667,98.5748,-25.2754,-392.278,-18.9548,-69.0834,-1.77568,0.0959418,-0.3818,-0.0160091
8.37333,123.343,-63.7048,-375.52,-5.51302,-45.9651,-7.58982,0.120049,-0.365489,-0.0106517
8.38,77.5216,-38.4023,-372.28,-16.5818,-44.0035,18.8021,0.075451,-0.362336,-0.0101972
8.38667,96.6885,-25.0338,-392.122,-19.1582,-68.0296,-1.65803,0.0941058,-0.381648,-0.0157649
8.39333,123.885,-63.31,-376.32,-5.35351,-45.1454,-7.69802,0.120576,-0.366268,-0.0104618
8.4,79.1071,-39.2395,-372.342,-16.782,-43.5595,18.5011,0.0769941,-0.362396,-0.0100943
8.40667,95.6084,-25.1493,-392.458,-19.0302,-66.6907,-0.544974,0.0930546,-0.381975,-0.0154546
8.41333,123.487,-62.8134,-377.39,-4.95273,-45.5187,-8.36331,0.120189,-0.367309,-0.0105483
8.42,80.6509,-40.0475,-373.141,-16.2198,-43.9668,17.7408,0.0784967,-0.363174,-0.0101887
8.42667,93.8601,-24.8855,-391.981,-19.3103,-66.5854,0.353703,0.091353,-0.381511,-0.0154302
8.43333,122.844,-61.8637,-377.356,-4.50919,-47.0845,-8.07157,0.119563,-0.367276,-0.0109111
8.44,82.2891,-40.8149,-372.907,-16.2489,-44.8249,17.7705,0.0800911,-0.362946,-0.0103875
8.44667,92.5006,-25.1247,-391.517,-19.0797,-67.0067,1.36414,0.0900298,-0.38106,-0.0155278
8.45333,122.773,-61.2008,-377.69,-3.67574,-47.2777,-8.97341,0.119494,-0.367602,-0.0109559
8.46,84.3924,-41.8076,-372.975,-16.2149,-44.7152,16.6743,0.0821382,-0.363013,-0.0103621
8.46667,91.3897,-25.3081,-390.588,-19.9507,-65.8873,2.29756,0.0889486,-0.380155,-0.0152684
8.47333,122.32,-60.1903,-378.301,-3.97225,-46.848,-9.53495,0.119053,-0.368196,-0.0108563
8.48,86.4717,-42.443,-373.069,-15.731,-43.4623,15.9916,0.0841619,-0.363104,-0.0100718
8.48667,90.3756,-25.5962,-390.956,-20.9606,-65.008,3.51778,0.0879616,-0.380513,-0.0150647
8.49333,121.576,-58.8886,-378.542,-4.46968,-47.0494,-10.4194,0.118329,-0.368431,-0.010903
8.5,88.2618,-43.2918,-373.09,-15.8511,-43.8266,15.4766,0.0859042,-0.363125,-0.0101562
8.50667,89.0691,-26.1243,-390.361,-20.8903,-65.6626,5.42098,0.08669,-0.379934,-0.0152164
8.51333,120.693,-57.6516,-378.685,-4.50153,-48.6395,-10.6899,0.11747,-0.36857,-0.0112715
8.52,89.8266,-44.1674,-373.027,-14.6965,-45.0867,14.3929,0.0874272,-0.363063,-0.0104482
8.52667,87.913,-26.6847,-389.844,-21.2885,-65.7598,7.07634,0.0855648,-0.379431,-0.0152389
8.53333,119.424,-56.4137,-378.994,-4.09193,-49.8823,-11.2165,0.116234,-0.368871,-0.0115595
8.54,92.0351,-44.7977,-372.482,-13.789,-45.1194,13.6136,0.0895767,-0.362533,-0.0104558
8.54667,86.985,-27.475,-389.312,-21.1084,-65.1224,8.69353,0.0846615,-0.378914,-0.0150912
8.55333,118.154,-54.8011,-379.507,-4.82571,-49.433,-11.9888,0.114998,-0.36937,-0.0114554
8.56,93.9153,-45.3635,-372.589,-12.857,-43.8936,12.4841,0.0914067,-0.362637,-0.0101717
8.56667,86.0419,-28.5773,-388.745,-21.2691,-64.0055,10.7583,0.0837436,-0.378361,-0.0148324
8.57333,117.189,-53.4395,-380.442,-5.02764,-49.9348,-12.7416,0.114059,-0.37028,-0.0115717
8.58,96.2096,-45.7937,-373.398,-12.3492,-44.2052,10.6334,0.0936397,-0.363424,-0.0102439
8.58667,85.68,-29.7676,-389.42,-21.9255,-62.6693,12.991,0.0833914,-0.379018,-0.0145227
8.59333,115.774,-51.7549,-381.756,-6.10373,-50.3469,-13.2283,0.112681,-0.371559,-0.0116672
8.6,98.2489,-46.0842,-374.018,-11.9344,-43.1602,9.19947,0.0956246,-0.364028,-0.0100018
8.60667,85.5427,-31.225,-389.478,-21.9365,-61.3063,15.038,0.0832578,-0.379075,-0.0142068
8.61333,114.753,-50.796,-383.136,-6.71942,-50.0976,-13.5288,0.111687,-0.372902,-0.0116094
8.62,100.577,-46.2978,-374.286,-11.4071,-42.6055,6.74815,0.0978903,-0.364289,-0.0098732
8.62667,85.2229,-32.6102,-389.315,-22.2356,-60.4387,17.4019,0.0829465,-0.378916,-0.0140058
8.63333,112.935,-49.4099,-383.506,-7.69305,-51.4277,-13.5997,0.109919,-0.373263,-0.0119176
8.64,102.243,-46.3511,-373.896,-10.2061,-43.0205,4.57597,0.099512,-0.363909,-0.00996937
8.64667,84.5351,-34.4294,-387.896,-21.5693,-60.9304,19.8323,0.0822771,-0.377535,-0.0141197
8.65333,111.138,-47.5555,-383.236,-8.3959,-53.9188,-13.228,0.108169,-0.372999,-0.0124949
8.66,103.835,-45.8191,-373.245,-9.37313,-44.9423,2.60686,0.101062,-0.363275,-0.0104147
8.66667,84.2893,-35.9224,-386.233,-21.0055,-61.5041,22.2609,0.0820378,-0.375917,-0.0142527
8.67333,108.775,-46.4067,-382.919,-9.46355,-55.5715,-12.1174,0.105869,-0.37269,-0.0128779
8.68,105.334,-45.2497,-372.021,-8.78048,-46.0069,-0.497408,0.10252,-0.362084,-0.0106614
8.68667,83.9756,-37.4273,-384.671,-20.5987,-61.1744,24.7006,0.0817326,-0.374396,-0.0141763
8.69333,107.116,-45.0592,-383.195,-10.4659,-56.6513,-11.8629,0.104255,-0.372959,-0.0131281
8.7,107.208,-44.503,-371.882,-8.20433,-45.9719,-3.21487,0.104345,-0.361948,-0.0106533
8.70667,84.402,-39.4712,-383.851,-20.1992,-58.9702,26.6554,0.0821475,-0.373598,-0.0136655
8.71333,105.215,-44.129,-384.427,-11.8148,-55.8764,-10.6991,0.102404,-0.374158,-0.0129485
8.72,108.785,-43.7714,-372.492,-7.77699,-45.1359,-6.55804,0.105879,-0.362543,-0.0104596
8.72667,85.3478,-41.3294,-384.272,-19.3739,-56.9575,28.0965,0.0830681,-0.374008,-0.0131991
8.73333,103.865,-43.156,-386.582,-12.9992,-54.7928,-9.32098,0.10109,-0.376256,-0.0126974
8.74,110.836,-43.0204,-375.243,-7.1238,-43.6538,-9.83855,0.107875,-0.36522,-0.0101161
8.74667,86.2821,-43.4945,-384.273,-18.1039,-54.6009,29.369,0.0839775,-0.374009,-0.012653
8.75333,101.902,-42.594,-387.925,-14.2219,-55.9644,-7.60925,0.09918,-0.377563,-0.0129689
8.76,111.83,-41.5966,-375.498,-7.34517,-45.1348,-13.271,0.108843,-0.365468,-0.0104593
8.76667,86.558,-45.3311,-383.578,-16.58,-54.3644,31.357,0.0842459,-0.373332,-0.0125982
8.77333,99.6808,-41.8273,-388.195,-15.3026,-57.962,-5.25164,0.0970182,-0.377826,-0.0134319
8.78,112.676,-40.4467,-375.071,-7.38443,-47.053,-16.8264,0.109666,-0.365053,-0.0109038
8.78667,87.3052,-47.0535,-380.994,-15.6392,-54.6907,31.8167,0.0849732,-0.370817,-0.0126738
8.79333,97.8157,-41.3162,-388.041,-16.7337,-59.2603,-2.79103,0.095203,-0.377676,-0.0137327
8.8,113.322,-38.789,-374.312,-7.36622,-48.215,-19.9368,0.110295,-0.364313,-0.0111731
8.80667,88.1148,-48.6804,-379.262,-14.6538,-53.4213,32.6547,0.0857612,-0.369132,-0.0123796
8.81333,96.0164,-40.8102,-387.849,-18.0092,-59.7803,0.0668954,0.0934517,-0.37749,-0.0138532
8.82,114.477,-37.2876,-375.065,-7.67675,-48.9288,-23.2728,0.11142,-0.365047,-0.0113385
8.82667,89.3861,-50.2309,-377.697,-13.1449,-51.8042,32.4984,0.0869985,-0.367609,-0.0120049
8.83333,94.3698,-40.9764,-388.744,-18.5481,-59.9248,2.59302,0.0918491,-0.37836,-0.0138867
8.84,114.98,-36.05,-376.396,-8.30825,-49.5503,-26.4283,0.111908,-0.366342,-0.0114826
8.84667,90.5616,-51.9648,-377.169,-11.3157,-49.6092,32.6914,0.0881426,-0.367094,-0.0114962
8.85333,92.8775,-41.0595,-389.91,-19.434,-59.2381,5.26211,0.0903967,-0.379496,-0.0137276
8.86,115.781,-34.4299,-378.29,-8.53982,-49.8112,-29.1754,0.112689,-0.368186,-0.011543
8.86667,91.528,-53.383,-376.479,-9.51432,-47.736,31.8223,0.0890832,-0.366423,-0.0110621
8.87333,91.5252,-41.4524,-390.453,-20.4116,-58.3884,8.27003,0.0890804,-0.380024,-0.0135307
8.88,115.976,-33.098,-379.947,-9.16772,-50.8923,-31.3335,0.112878,-0.369798,-0.0117936
8.88667,92.5652,-54.7785,-375.305,-7.77249,-45.8564,31.3639,0.0900927,-0.36528,-0.0106266
8.89333,90.5473,-41.6696,-390.759,-20.6106,-58.6285,11.438,0.0881287,-0.380321,-0.0135863
8.9,116.17,-31.4384,-381.119,-10.9997,-51.793,-33.7013,0.113067,-0.370939,-0.0120023
8.90667,93.6734,-55.7958,-374.469,-6.29698,-44.0911,30.2566,0.0911713,-0.364467,-0.0102175
8.91333,89.2899,-41.9885,-391.391,-21.7387,-58.6321,14.7348,0.0869049,-0.380936,-0.0135871
8.92,116.356,-29.9668,-382.17,-11.9428,-52.8364,-35.6494,0.113248,-0.371962,-0.0122441
8.92667,94.4703,-56.9785,-373.288,-4.64671,-43.8117,28.8138,0.0919469,-0.363317,-0.0101527
8.93333,88.1915,-42.3477,-390.297,-22.0603,-59.2046,18.1887,0.0858358,-0.379871,-0.0137198
8.94,116.405,-28.5958,-383.613,-13.5673,-54.7827,-37.1049,0.113295,-0.373366,-0.0126951
8.94667,95.3835,-57.8506,-372.053,-3.08125,-43.354,27.6595,0.0928357,-0.362115,-0.0100467
8.95333,87.5095,-43.0391,-390.06,-21.836,-58.7956,21.2098,0.0851721,-0.379641,-0.013625
8.96,116.084,-26.7708,-384.52,-15.3104,-57.1453,-38.2043,0.112983,-0.374249,-0.0132426
8.96667,95.7634,-58.4974,-370.009,-1.71562,-43.0496,25.8834,0.0932054,-0.360126,-0.00997613
8.97333,86.4043,-43.6048,-388.675,-21.5279,-59.1039,23.9646,0.0840964,-0.378293,-0.0136965
8.98,116.581,-25.6537,-385.321,-17.0369,-58.9062,-39.2635,0.113467,-0.375028,-0.0136507
8.98667,96.1789,-59.4287,-368.997,-0.102515,-42.7338,24.0106,0.0936099,-0.359141,-0.00990295
8.99333,85.8652,-44.1977,-388.253,-21.0721,-58.2513,26.5784,0.0835717,-0.377883,-0.0134989
9,116.764,-24.6387,-387.067,-18.0908,-59.5198,-39.5673,0.113645,-0.376729,-0.0137929
