t_s,u_stream_mean,u_stream_rms,u_lat_rms,u_vert_rms
3,12,0.80276,0.880623,0.593526
3.01,12,0.79591,0.845606,0.559331
3.02,12,0.806501,0.845777,0.561678
3.03,12,0.79351,0.804968,0.54317
3.04,12,0.796141,0.804465,0.576749
3.05,12,0.782893,0.777649,0.567422
3.06,12,0.787751,0.786232,0.600091
3.07,12,0.770972,0.770138,0.58647
3.08,12,0.771397,0.794786,0.614764
3.09,12,0.75352,0.777891,0.573505
3.1,12,0.753765,0.798044,0.57545
3.11,12,0.734567,0.778191,0.552988
3.12,12,0.735773,0.797811,0.579747
3.13,12,0.720811,0.76963,0.554174
3.14,12,0.72658,0.775086,0.576323
3.15,12,0.711015,0.744216,0.572639
3.16,12,0.712564,0.753322,0.61698
3.17,12,0.6924,0.741962,0.608697
3.18,12,0.690138,0.77083,0.639808
3.19,12,0.673842,0.748545,0.625269
3.2,12,0.678411,0.759258,0.653034
3.21,12,0.666123,0.720396,0.620156
3.22,12,0.675718,0.717166,0.632055
3.23,12,0.661378,0.678005,0.610275
3.24,12,0.667117,0.679258,0.634002
3.25,12,0.652056,0.652003,0.626864
3.26,12,0.659388,0.666349,0.657998
3.27,12,0.649693,0.634315,0.653515
3.28,12,0.663477,0.643799,0.686661
3.29,12,0.658192,0.625953,0.661071
3.3,12,0.674436,0.655001,0.669193
3.31,12,0.672661,0.646425,0.633614
3.32,12,0.690878,0.681747,0.63321
3.33,12,0.686133,0.702112,0.614827
3.34,12,0.698481,0.768343,0.641841
3.35,12,0.688463,0.787523,0.625024
3.36,12,0.696867,0.834642,0.6481
3.37,12,0.682486,0.839904,0.621075
3.38,12,0.685906,0.873582,0.637338
3.39,12,0.665793,0.88104,0.614231
3.4,12,0.664562,0.91837,0.634238
3.41,12,0.647845,0.932906,0.613553
3.42,12,0.650911,0.975945,0.634988
3.43,12,0.64184,0.966846,0.621197
3.44,12,0.651839,0.980194,0.649418
3.45,12,0.647434,0.96631,0.644601
3.46,12,0.662831,0.9762,0.679665
3.47,12,0.657049,0.941892,0.658332
3.48,12,0.670072,0.931899,0.67709
3.49,12,0.663417,0.900153,0.649742
3.5,12,0.678404,0.899044,0.662482
3.51,12,0.672226,0.869214,0.647532
3.52,12,0.685829,0.871298,0.669937
3.53,12,0.675991,0.840659,0.631616
3.54,12,0.685481,0.843697,0.629975
3.55,12,0.677325,0.805977,0.595935
3.56,12,0.687535,0.803847,0.611535
3.57,12,0.676681,0.785379,0.586231
3.58,12,0.683976,0.802998,0.602769
3.59,12,0.669824,0.780356,0.57942
3.6,12,0.673066,0.792918,0.60718
3.61,12,0.653158,0.764753,0.587106
3.62,12,0.652062,0.770075,0.614575
3.63,12,0.629132,0.737384,0.599101
3.64,12,0.625581,0.739112,0.620159
3.65,12,0.603723,0.7016,0.592075
3.66,12,0.601649,0.701586,0.613334
3.67,12,0.579175,0.683934,0.58135
3.68,12,0.57917,0.703271,0.601323
3.69,12,0.56615,0.697195,0.58718
3.7,12,0.577191,0.73228,0.619526
3.71,12,0.576584,0.717405,0.600959
3.72,12,0.598743,0.738852,0.619152
3.73,12,0.592295,0.716598,0.601617
3.74,12,0.607037,0.7304,0.631457
3.75,12,0.597408,0.702125,0.614193
3.76,12,0.610188,0.710148,0.63614
3.77,12,0.606328,0.680134,0.615001
3.78,12,0.624117,0.689385,0.63295
3.79,12,0.626349,0.684284,0.617998
3.8,12,0.648294,0.715844,0.644158
3.81,12,0.649376,0.703427,0.633424
3.82,12,0.669304,0.727537,0.664917
3.83,12,0.665923,0.713867,0.661269
3.84,12,0.680692,0.73634,0.697532
3.85,12,0.675949,0.709909,0.685774
3.86,12,0.68935,0.718185,0.710171
3.87,12,0.683224,0.683642,0.675378
3.88,12,0.698504,0.688066,0.672184
3.89,12,0.68982,0.647057,0.629231
3.9,12,0.700151,0.643229,0.62669
3.91,12,0.692408,0.609019,0.587123
3.92,12,0.705009,0.612182,0.592143
3.93,12,0.705691,0.562895,0.558533
3.94,12,0.7266,0.55969,0.571716
3.95,12,0.726801,0.520412,0.555837
3.96,12,0.74397,0.540507,0.58936
3.97,12,0.737813,0.52631,0.56135
3.98,12,0.747859,0.564465,0.575755
3.99,12,0.735001,0.554235,0.545608
4,12,0.740057,0.590567,0.564948
4.01,12,0.725332,0.592503,0.552108
4.02,12,0.727671,0.6399,0.585414
4.03,12,0.708141,0.634821,0.583404
4.04,12,0.70743,0.666289,0.624802
4.05,12,0.6915,0.659291,0.624447
4.06,12,0.695286,0.691073,0.661538
4.07,12,0.685436,0.685399,0.676656
4.08,12,0.694277,0.715061,0.730249
4.09,12,0.686137,0.682974,0.738606
4.1,12,0.696726,0.685755,0.777476
4.11,12,0.688356,0.650089,0.765993
4.12,12,0.698587,0.652145,0.7864
4.13,12,0.69352,0.640729,0.77313
4.14,12,0.706219,0.675394,0.795831
4.15,12,0.69562,0.666748,0.804876
4.16,12,0.704137,0.692594,0.847739
4.17,12,0.687533,0.66568,0.831568
4.18,12,0.689364,0.676172,0.842291
4.19,12,0.669482,0.660814,0.829684
4.2,12,0.670296,0.684673,0.85106
4.21,12,0.654505,0.663079,0.846191
4.22,12,0.660749,0.677426,0.872723
4.23,12,0.651175,0.645762,0.861651
4.24,12,0.663722,0.650382,0.88104
4.25,12,0.657978,0.619415,0.867299
4.26,12,0.673179,0.634153,0.888067
4.27,12,0.667688,0.624389,0.886918
4.28,12,0.680579,0.657242,0.915411
4.29,12,0.670129,0.657324,0.915032
4.3,12,0.678456,0.695376,0.940504
4.31,12,0.667726,0.696583,0.944339
4.32,12,0.677172,0.733001,0.976342
4.33,12,0.665744,0.730067,0.985138
4.34,12,0.672531,0.761356,1.02371
4.35,12,0.66331,0.738025,1.02672
4.36,12,0.674591,0.746468,1.05524
4.37,12,0.669918,0.721983,1.05605
4.38,12,0.684989,0.742749,1.08393
4.39,12,0.679665,0.747068,1.07815
4.4,12,0.69413,0.789862,1.09454
4.41,12,0.68907,0.779715,1.07848
4.42,12,0.703662,0.8015,1.0861
4.43,12,0.696644,0.791261,1.06414
4.44,12,0.71045,0.811428,1.06399
4.45,12,0.708582,0.795764,1.04594
4.46,12,0.727689,0.807377,1.05533
4.47,12,0.73052,0.774681,1.01925
4.48,12,0.752103,0.774747,1.00734
4.49,12,0.747485,0.746835,0.963002
4.5,12,0.75899,0.755798,0.948245
4.51,12,0.746703,0.721256,0.904508
4.52,12,0.752502,0.72009,0.894742
4.53,12,0.735995,0.690943,0.865806
4.54,12,0.737478,0.703508,0.873831
4.55,12,0.718226,0.707405,0.857978
4.56,12,0.718816,0.758029,0.873238
4.57,12,0.698091,0.749536,0.847782
4.58,12,0.696918,0.770521,0.854392
4.59,12,0.671053,0.744098,0.828062
4.6,12,0.665185,0.748065,0.835945
4.61,12,0.642814,0.731508,0.812016
4.62,12,0.641118,0.749727,0.820151
4.63,12,0.62316,0.738477,0.795681
4.64,12,0.626363,0.758576,0.808275
4.65,12,0.609056,0.72915,0.779891
4.66,12,0.613688,0.733803,0.7864
4.67,12,0.59279,0.702413,0.754006
4.68,12,0.593804,0.712801,0.754584
4.69,12,0.573547,0.686723,0.733166
4.7,12,0.578933,0.69498,0.752152
4.71,12,0.565845,0.65616,0.724302
4.72,12,0.579344,0.658613,0.731511
4.73,12,0.569639,0.623062,0.701982
4.74,12,0.583095,0.631336,0.712653
4.75,12,0.571783,0.606583,0.690202
4.76,12,0.581877,0.624419,0.709521
4.77,12,0.571654,0.61704,0.68693
4.78,12,0.586156,0.650764,0.703918
4.79,12,0.579103,0.637045,0.677765
4.8,12,0.594903,0.660778,0.692725
4.81,12,0.591536,0.628922,0.669389
4.82,12,0.608652,0.633171,0.687771
4.83,12,0.609501,0.614834,0.661892
4.84,12,0.629965,0.642336,0.682121
4.85,12,0.631166,0.629777,0.659567
4.86,12,0.653651,0.655173,0.677498
4.87,12,0.65802,0.642244,0.654785
4.88,12,0.683325,0.668268,0.674482
4.89,12,0.686818,0.64579,0.651992
4.9,12,0.710156,0.66034,0.670502
4.91,12,0.711271,0.637881,0.659958
4.92,12,0.732225,0.654623,0.689759
4.93,12,0.731894,0.628236,0.683888
4.94,12,0.750742,0.644146,0.716969
4.95,12,0.751772,0.628507,0.710907
4.96,12,0.769752,0.66058,0.743361
4.97,12,0.764143,0.655464,0.739646
4.98,12,0.773269,0.693963,0.774076
4.99,12,0.75502,0.685014,0.777523
5,12,0.752885,0.717611,0.816261
5.01,12,0.734839,0.69864,0.819755
5.02,12,0.735861,0.714715,0.854785
5.03,12,0.716747,0.694357,0.853849
5.04,12,0.714957,0.709694,0.883196
5.05,12,0.691443,0.700423,0.888416
5.06,12,0.687141,0.727535,0.917861
5.07,12,0.665775,0.718228,0.900756
5.08,12,0.663272,0.745732,0.909308
5.09,12,0.643834,0.720245,0.865898
5.1,12,0.645135,0.723006,0.849175
5.11,12,0.631664,0.686039,0.80049
5.12,12,0.639408,0.683395,0.78163
5.13,12,0.631582,0.65446,0.736353
5.14,12,0.644835,0.672533,0.72947
5.15,12,0.638903,0.665367,0.691026
5.16,12,0.655383,0.702445,0.691871
5.17,12,0.650173,0.685068,0.64837
5.18,12,0.664987,0.711566,0.645637
5.19,12,0.662617,0.692034,0.625827
5.2,12,0.680383,0.713112,0.645043
5.21,12,0.680573,0.712308,0.616744
5.22,12,0.699469,0.754912,0.624089
5.23,12,0.6969,0.762317,0.588366
5.24,12,0.712885,0.80838,0.593206
5.25,12,0.706689,0.831249,0.561388
5.26,12,0.71738,0.888043,0.575939
5.27,12,0.70912,0.911475,0.554421
5.28,12,0.718856,0.961613,0.586428
5.29,12,0.713356,0.981453,0.578982
5.3,12,0.725947,1.02692,0.613928
5.31,12,0.716245,1.03525,0.597982
5.32,12,0.725909,1.06668,0.626468
5.33,12,0.714218,1.03638,0.611772
5.34,12,0.721218,1.02575,0.640153
5.35,12,0.709657,0.997032,0.634574
5.36,12,0.717891,0.995632,0.66916
5.37,12,0.71016,0.970823,0.656524
5.38,12,0.720902,0.97419,0.68859
5.39,12,0.71442,0.932962,0.679769
5.4,12,0.728104,0.919743,0.709327
5.41,12,0.717876,0.879568,0.702061
5.42,12,0.725022,0.870861,0.729478
5.43,12,0.711414,0.829152,0.711112
5.44,12,0.716722,0.817145,0.726957
5.45,12,0.700549,0.777074,0.712393
5.46,12,0.702443,0.769083,0.740148
5.47,12,0.68859,0.751694,0.727446
5.48,12,0.694577,0.77123,0.751861
5.49,12,0.687652,0.760273,0.753126
5.5,12,0.701391,0.784247,0.794654
5.51,12,0.698138,0.746812,0.798779
5.52,12,0.71525,0.741973,0.836201
5.53,12,0.713793,0.699792,0.837579
5.54,12,0.733017,0.695316,0.86996
5.55,12,0.737057,0.660789,0.871764
5.56,12,0.760677,0.672816,0.902419
5.57,12,0.765345,0.650936,0.897762
5.58,12,0.787826,0.668339,0.922575
5.59,12,0.790595,0.630637,0.907248
5.6,12,0.810736,0.634662,0.919354
5.61,12,0.812812,0.607354,0.88936
5.62,12,0.831372,0.6196,0.886746
5.63,12,0.832487,0.585532,0.857278
5.64,12,0.850133,0.601135,0.858373
5.65,12,0.842933,0.587003,0.845905
5.66,12,0.85065,0.613551,0.867681
5.67,12,0.839609,0.579543,0.856738
5.68,12,0.84597,0.583847,0.873378
5.69,12,0.838419,0.542184,0.838019
5.7,12,0.846364,0.550322,0.827689
5.71,12,0.833659,0.519029,0.789481
5.72,12,0.83619,0.533568,0.785511
5.73,12,0.821877,0.506398,0.738498
5.74,12,0.822155,0.53155,0.724485
5.75,12,0.80902,0.512484,0.688427
5.76,12,0.81195,0.542141,0.69346
5.77,12,0.796956,0.533354,0.679012
5.78,12,0.797784,0.577968,0.708798
5.79,12,0.778724,0.583656,0.707395
5.8,12,0.776731,0.631236,0.743942
5.81,12,0.757191,0.647014,0.743641
5.82,12,0.755956,0.702361,0.776296
5.83,12,0.737113,0.703991,0.761293
5.84,12,0.736081,0.739152,0.779088
5.85,12,0.71071,0.737081,0.762247
5.86,12,0.703734,0.768132,0.777266
5.87,12,0.681198,0.755746,0.758027
5.88,12,0.680929,0.773028,0.776224
5.89,12,0.667748,0.748433,0.759812
5.9,12,0.675339,0.760285,0.778684
5.91,12,0.665869,0.7444,0.738343
5.92,12,0.677018,0.763421,0.731027
5.93,12,0.671385,0.73765,0.683075
5.94,12,0.686407,0.748198,0.67472
5.95,12,0.676006,0.721575,0.64215
5.96,12,0.683902,0.73706,0.659674
5.97,12,0.664511,0.721596,0.640076
5.98,12,0.66435,0.75039,0.660712
5.99,12,0.646086,0.71496,0.640782
6,12,0.647866,0.715147,0.656894
6.01,12,0.632673,0.678422,0.643472
6.02,12,0.640332,0.678633,0.671932
6.03,12,0.638646,0.654424,0.66623
6.04,12,0.660505,0.671878,0.700509
6.05,12,0.669312,0.649882,0.701007
6.06,12,0.697664,0.670378,0.736831
6.07,12,0.705008,0.64798,0.736592
6.08,12,0.728337,0.66022,0.772299
6.09,12,0.730447,0.623304,0.772733
6.1,12,0.749249,0.633849,0.801943
6.11,12,0.751733,0.620756,0.778731
6.12,12,0.771292,0.647801,0.788095
6.13,12,0.77548,0.631073,0.762323
6.14,12,0.79654,0.650477,0.771914
6.15,12,0.797487,0.632716,0.752171
6.16,12,0.814521,0.659162,0.774596
6.17,12,0.812499,0.634898,0.763612
6.18,12,0.827729,0.651429,0.79202
6.19,12,0.823407,0.641462,0.78489
6.2,12,0.83558,0.678577,0.816311
6.21,12,0.82916,0.669949,0.815738
6.22,12,0.838649,0.700729,0.84856
6.23,12,0.832805,0.678893,0.83709
6.24,12,0.844444,0.694529,0.856983
6.25,12,0.843921,0.680712,0.850104
6.26,12,0.860349,0.707825,0.876514
6.27,12,0.854482,0.701906,0.843685
6.28,12,0.863259,0.734569,0.842531
6.29,12,0.847567,0.717726,0.798532
6.3,12,0.847985,0.733275,0.789531
6.31,12,0.831757,0.706668,0.756592
6.32,12,0.832492,0.718842,0.760465
6.33,12,0.822258,0.710807,0.726386
6.34,12,0.82893,0.739655,0.729577
6.35,12,0.818991,0.737547,0.69793
6.36,12,0.823199,0.774232,0.704819
6.37,12,0.807071,0.773709,0.671245
6.38,12,0.806581,0.804172,0.676535
6.39,12,0.786526,0.784296,0.643038
6.4,12,0.782402,0.794258,0.652791
6.41,12,0.765149,0.780966,0.636065
6.42,12,0.765475,0.803641,0.655481
6.43,12,0.752999,0.795124,0.633203
6.44,12,0.758663,0.821598,0.645554
6.45,12,0.746887,0.803454,0.630931
6.46,12,0.753016,0.826506,0.656216
6.47,12,0.742234,0.817916,0.651106
6.48,12,0.750063,0.839922,0.687573
6.49,12,0.734452,0.838261,0.702612
6.5,12,0.735392,0.867857,0.758654
6.51,12,0.715468,0.865053,0.760929
6.52,12,0.714066,0.891747,0.792854
6.53,12,0.690102,0.864936,0.783398
6.54,12,0.683794,0.867811,0.805244
6.55,12,0.653839,0.821231,0.775077
6.56,12,0.643883,0.80804,0.773645
6.57,12,0.621665,0.764049,0.751896
6.58,12,0.622607,0.764506,0.768954
6.59,12,0.610881,0.738312,0.737419
6.6,12,0.622609,0.75484,0.737969
6.61,12,0.618143,0.75769,0.687421
6.62,12,0.634061,0.802825,0.677819
6.63,12,0.630134,0.826388,0.642344
6.64,12,0.647424,0.882046,0.647119
6.65,12,0.643223,0.896892,0.604614
6.66,12,0.660243,0.938455,0.604932
6.67,12,0.6574,0.936238,0.561399
6.68,12,0.67525,0.957252,0.56551
6.69,12,0.671998,0.927083,0.547922
6.7,12,0.688396,0.923977,0.57874
6.71,12,0.681186,0.876166,0.57876
6.72,12,0.69348,0.854808,0.627019
6.73,12,0.684777,0.810604,0.624776
6.74,12,0.69569,0.793637,0.663332
6.75,12,0.686323,0.75878,0.665474
6.76,12,0.695689,0.761829,0.701618
6.77,12,0.685189,0.733685,0.700707
6.78,12,0.693619,0.74078,0.737188
6.79,12,0.680986,0.723135,0.718878
6.8,12,0.687951,0.740723,0.730502
6.81,12,0.676465,0.721954,0.697345
6.82,12,0.685557,0.739314,0.701967
6.83,12,0.679753,0.723799,0.663033
6.84,12,0.695734,0.742816,0.664858
6.85,12,0.692135,0.725327,0.6224
6.86,12,0.708303,0.745721,0.624196
6.87,12,0.703473,0.720776,0.59344
6.88,12,0.716953,0.727001,0.604948
6.89,12,0.711829,0.692268,0.566375
6.9,12,0.724862,0.687605,0.577417
6.91,12,0.719825,0.662618,0.551331
6.92,12,0.732817,0.675713,0.572175
6.93,12,0.724422,0.649539,0.556985
6.94,12,0.732887,0.664844,0.592336
6.95,12,0.723614,0.658226,0.579963
6.96,12,0.734076,0.694613,0.609863
6.97,12,0.724593,0.708608,0.59669
6.98,12,0.734144,0.757444,0.618997
6.99,12,0.728823,0.757795,0.596919
7,12,0.742762,0.790972,0.613544
7.01,12,0.738156,0.759285,0.576327
7.02,12,0.751291,0.754788,0.582575
7.03,12,0.740693,0.735291,0.560819
7.04,12,0.74729,0.755113,0.589581
7.05,12,0.731098,0.752466,0.568479
7.06,12,0.731996,0.785617,0.586964
7.07,12,0.720834,0.777946,0.572151
7.08,12,0.727694,0.803713,0.604519
7.09,12,0.719996,0.800719,0.595729
7.1,12,0.728924,0.830271,0.62761
7.11,12,0.717314,0.818993,0.59724
7.12,12,0.72311,0.838886,0.60769
7.13,12,0.711888,0.819378,0.578447
7.14,12,0.721346,0.83367,0.594267
7.15,12,0.713951,0.820257,0.576755
7.16,12,0.725875,0.846473,0.60836
7.17,12,0.717669,0.856396,0.600236
7.18,12,0.728596,0.903334,0.638047
7.19,12,0.722182,0.925502,0.616601
7.2,12,0.735557,0.975032,0.634498
7.21,12,0.730011,0.984334,0.613964
7.22,12,0.742611,1.01676,0.641702
7.23,12,0.735142,1.00082,0.614509
7.24,12,0.745898,1.01152,0.625304
7.25,12,0.738293,0.985027,0.614202
7.26,12,0.75037,0.98336,0.648109
7.27,12,0.747403,0.950913,0.636862
7.28,12,0.763602,0.945577,0.663706
7.29,12,0.761102,0.903458,0.647605
7.3,12,0.776844,0.890733,0.668154
7.31,12,0.769149,0.866708,0.659603
7.32,12,0.778211,0.877391,0.688554
7.33,12,0.766307,0.847616,0.676825
7.34,12,0.771246,0.851192,0.703106
7.35,12,0.757481,0.838094,0.68409
7.36,12,0.761309,0.858688,0.700532
7.37,12,0.748225,0.861596,0.703656
7.38,12,0.754124,0.896845,0.744701
7.39,12,0.744516,0.890498,0.745459
7.4,12,0.75471,0.911016,0.779219
7.41,12,0.748045,0.881666,0.762368
7.42,12,0.761313,0.878127,0.779366
7.43,12,0.757053,0.85532,0.753439
7.44,12,0.771171,0.862516,0.759295
7.45,12,0.766907,0.84093,0.730038
7.46,12,0.780217,0.848778,0.734391
7.47,12,0.779331,0.821285,0.681221
7.48,12,0.796295,0.831221,0.6626
7.49,12,0.79942,0.785331,0.624058
7.5,12,0.82007,0.775071,0.626067
7.51,12,0.8164,0.717888,0.600596
7.52,12,0.827737,0.705359,0.622409
7.53,12,0.819028,0.677169,0.617472
7.54,12,0.824969,0.694815,0.658754
7.55,12,0.813383,0.692796,0.665192
7.56,12,0.818356,0.727585,0.711423
7.57,12,0.803095,0.71231,0.710582
7.58,12,0.803359,0.731237,0.746511
7.59,12,0.784638,0.712693,0.753826
7.6,12,0.780879,0.727418,0.796971
7.61,12,0.761425,0.713635,0.810708
7.62,12,0.758971,0.735746,0.854707
7.63,12,0.742474,0.739896,0.850073
7.64,12,0.746683,0.783292,0.87199
7.65,12,0.736639,0.776494,0.847481
7.66,12,0.745767,0.799745,0.854107
7.67,12,0.736165,0.785057,0.817452
7.68,12,0.745187,0.800113,0.813951
7.69,12,0.734473,0.792775,0.798676
7.7,12,0.741825,0.818233,0.818896
7.71,12,0.729311,0.81728,0.807396
7.72,12,0.735044,0.845322,0.827118
7.73,12,0.715955,0.818158,0.807722
7.74,12,0.714263,0.821098,0.819623
7.75,12,0.697855,0.798415,0.787468
7.76,12,0.702737,0.810624,0.781964
7.77,12,0.691442,0.778058,0.738693
7.78,12,0.701217,0.779009,0.734989
7.79,12,0.69338,0.740674,0.7109
7.8,12,0.705559,0.728966,0.720997
7.81,12,0.700857,0.68076,0.699295
7.82,12,0.714975,0.672869,0.715638
7.83,12,0.713727,0.623212,0.697314
7.84,12,0.732586,0.619305,0.717695
7.85,12,0.734462,0.567964,0.682917
7.86,12,0.755348,0.568259,0.689916
7.87,12,0.756582,0.54226,0.648289
7.88,12,0.774841,0.57154,0.647125
7.89,12,0.774649,0.567355,0.60738
7.9,12,0.790623,0.609707,0.61178
7.91,12,0.783708,0.5974,0.57602
7.92,12,0.79371,0.625442,0.589844
7.93,12,0.784631,0.622013,0.575033
7.94,12,0.792974,0.663037,0.612602
7.95,12,0.779217,0.662621,0.593231
7.96,12,0.782538,0.703146,0.616235
7.97,12,0.76183,0.693211,0.595816
7.98,12,0.757614,0.716916,0.617454
7.99,12,0.729389,0.710813,0.605663
8,12,0.718081,0.741666,0.629236
8.01,12,0.689282,0.736219,0.62412
8.02,12,0.680065,0.765704,0.663691
8.03,12,0.65814,0.762215,0.662193
8.04,12,0.658617,0.792439,0.695309
8.05,12,0.645996,0.782609,0.691046
8.06,12,0.653738,0.808221,0.724571
8.07,12,0.638721,0.807929,0.707306
8.08,12,0.642959,0.836172,0.724772
8.09,12,0.626809,0.820296,0.705809
8.1,12,0.632754,0.832853,0.72308
8.11,12,0.621281,0.816945,0.696688
8.12,12,0.632325,0.8349,0.708269
8.13,12,0.624742,0.805327,0.678316
8.14,12,0.639716,0.809273,0.687156
8.15,12,0.636985,0.785999,0.652775
8.16,12,0.656302,0.801077,0.658156
8.17,12,0.653826,0.779428,0.626738
8.18,12,0.671198,0.793478,0.638236
8.19,12,0.663433,0.758411,0.62078
8.2,12,0.674827,0.756591,0.644414
8.21,12,0.666942,0.71837,0.628113
8.22,12,0.678106,0.717105,0.647763
8.23,12,0.673332,0.683173,0.620271
8.24,12,0.686493,0.686623,0.632976
8.25,12,0.677024,0.673966,0.59596
8.26,12,0.686699,0.700474,0.604516
8.27,12,0.677351,0.692234,0.574703
8.28,12,0.68845,0.718348,0.596559
8.29,12,0.682975,0.687745,0.574989
8.3,12,0.697988,0.691716,0.59942
8.31,12,0.692497,0.658699,0.570887
8.32,12,0.7057,0.663721,0.586087
8.33,12,0.704177,0.619526,0.561401
8.34,12,0.721138,0.615236,0.587338
8.35,12,0.717989,0.568172,0.570399
8.36,12,0.73239,0.569871,0.602442
8.37,12,0.725047,0.527235,0.585923
8.38,12,0.73487,0.544391,0.607025
8.39,12,0.722914,0.541344,0.601936
8.4,12,0.728096,0.598039,0.646825
8.41,12,0.71093,0.587856,0.645747
8.42,12,0.711978,0.615028,0.681297
8.43,12,0.694077,0.582008,0.681409
8.44,12,0.695835,0.595111,0.721337
8.45,12,0.678981,0.588987,0.715281
8.46,12,0.681631,0.63612,0.742787
8.47,12,0.669839,0.622462,0.723293
8.48,12,0.680149,0.650822,0.738373
8.49,12,0.676839,0.632013,0.701607
8.5,12,0.695552,0.656795,0.69942
8.51,12,0.689562,0.643305,0.648879
8.52,12,0.702455,0.667607,0.644868
8.53,12,0.690968,0.635579,0.623551
8.54,12,0.698323,0.646205,0.649663
8.55,12,0.687214,0.625169,0.62971
8.56,12,0.697306,0.647439,0.651694
8.57,12,0.68777,0.624712,0.639458
8.58,12,0.697755,0.640932,0.668871
8.59,12,0.693698,0.614687,0.660059
8.6,12,0.710164,0.619825,0.68644
8.61,12,0.711592,0.595309,0.658356
8.62,12,0.733084,0.61293,0.664607
8.63,12,0.729702,0.58359,0.623487
8.64,12,0.743623,0.600397,0.622446
8.65,12,0.735303,0.568739,0.606322
8.66,12,0.743635,0.58219,0.640599
8.67,12,0.739788,0.558153,0.633665
8.68,12,0.754067,0.576512,0.663746
8.69,12,0.752673,0.572206,0.640486
8.7,12,0.768563,0.610966,0.653348
8.71,12,0.76424,0.612863,0.63623
8.72,12,0.7758,0.658056,0.662701
8.73,12,0.767048,0.669843,0.646677
8.74,12,0.775844,0.716321,0.667354
8.75,12,0.76658,0.695265,0.659283
8.76,12,0.774495,0.710721,0.691195
8.77,12,0.760058,0.67163,0.676895
8.78,12,0.762962,0.668428,0.698631
8.79,12,0.744691,0.616819,0.679369
8.8,12,0.74422,0.609296,0.702919
8.81,12,0.728949,0.584036,0.689386
8.82,12,0.731659,0.602914,0.715187
8.83,12,0.720884,0.593756,0.710685
8.84,12,0.730567,0.625955,0.743278
8.85,12,0.72399,0.610301,0.731236
8.86,12,0.739286,0.63671,0.752757
8.87,12,0.740442,0.614133,0.736931
8.88,12,0.761291,0.634999,0.750715
8.89,12,0.759739,0.638466,0.727196
8.9,12,0.774976,0.684786,0.734973
8.91,12,0.770731,0.681777,0.684482
8.92,12,0.783103,0.715032,0.669569
8.93,12,0.775235,0.70272,0.636017
8.94,12,0.783617,0.728203,0.646803
8.95,12,0.76998,0.716031,0.634266
8.96,12,0.771521,0.739646,0.667715
8.97,12,0.754522,0.724621,0.644429
8.98,12,0.754532,0.739707,0.653809
8.99,12,0.738027,0.706304,0.637791
9,12,0.737934,0.712817,0.666539
9.01,12,0.715652,0.710611,0.657478
9.02,12,0.712081,0.748583,0.686049
9.03,12,0.694697,0.738519,0.662753
9.04,12,0.698662,0.762317,0.681526
9.05,12,0.680505,0.738159,0.660963
9.06,12,0.680378,0.751659,0.687805
9.07,12,0.658169,0.73478,0.675875
9.08,12,0.658129,0.754618,0.70241
9.09,12,0.641172,0.73629,0.688427
9.1,12,0.646859,0.756333,0.716609
9.11,12,0.638395,0.735118,0.674503
9.12,12,0.651446,0.749952,0.668467
9.13,12,0.64115,0.734859,0.642442
9.14,12,0.650612,0.756624,0.66096
9.15,12,0.63835,0.736777,0.637139
9.16,12,0.648058,0.747432,0.656215
9.17,12,0.636508,0.719668,0.635565
9.18,12,0.645837,0.727415,0.656652
9.19,12,0.635504,0.682405,0.64929
9.2,12,0.645555,0.674464,0.680374
9.21,12,0.636155,0.639913,0.665442
9.22,12,0.647305,0.651253,0.684167
9.23,12,0.638154,0.645386,0.64219
9.24,12,0.649409,0.684992,0.638451
9.25,12,0.643242,0.687537,0.615941
9.26,12,0.656857,0.728451,0.633549
9.27,12,0.648189,0.728051,0.63071
9.28,12,0.660139,0.767035,0.671646
9.29,12,0.649342,0.749668,0.673662
9.3,12,0.658395,0.76779,0.713961
9.31,12,0.64231,0.739982,0.716539
9.32,12,0.645834,0.744806,0.7538
9.33,12,0.625639,0.720408,0.76073
9.34,12,0.627235,0.739461,0.798841
9.35,12,0.614776,0.729125,0.786098
9.36,12,0.625843,0.755153,0.802356
9.37,12,0.61883,0.743242,0.801636
9.38,12,0.63593,0.770645,0.831265
9.39,12,0.636133,0.751827,0.816979
9.4,12,0.659356,0.770009,0.834042
9.41,12,0.653476,0.742651,0.823831
9.42,12,0.666685,0.752691,0.848067
9.43,12,0.654886,0.742428,0.823619
9.44,12,0.66365,0.767415,0.832948
9.45,12,0.651114,0.761926,0.800614
9.46,12,0.659458,0.789448,0.800167
9.47,12,0.644068,0.77456,0.769206
9.48,12,0.650348,0.796706,0.778162
9.49,12,0.636098,0.787067,0.767098
9.5,12,0.64327,0.81407,0.792812
9.51,12,0.636323,0.807685,0.793113
9.52,12,0.651518,0.840286,0.824599
9.53,12,0.648187,0.835092,0.806944
9.54,12,0.66549,0.860552,0.819714
9.55,12,0.659653,0.846645,0.798255
9.56,12,0.673347,0.865183,0.813913
9.57,12,0.665979,0.867947,0.785305
9.58,12,0.678004,0.899368,0.794162
9.59,12,0.67351,0.893842,0.768088
9.6,12,0.688246,0.918579,0.779684
9.61,12,0.68242,0.914467,0.752756
9.62,12,0.695808,0.939194,0.760188
9.63,12,0.683698,0.907005,0.715444
9.64,12,0.690267,0.901464,0.704852
9.65,12,0.677648,0.867614,0.663348
9.66,12,0.683987,0.867731,0.663256
9.67,12,0.673055,0.825792,0.623225
9.68,12,0.681219,0.819963,0.628058
9.69,12,0.668596,0.768787,0.609942
9.7,12,0.675034,0.759073,0.640794
9.71,12,0.659464,0.725501,0.643925
9.72,12,0.662901,0.737662,0.687537
9.73,12,0.649416,0.71987,0.681036
9.74,12,0.658555,0.74244,0.704916
9.75,12,0.651197,0.70027,0.686022
9.76,12,0.66674,0.693762,0.703291
9.77,12,0.66048,0.651324,0.688329
9.78,12,0.675911,0.650979,0.711798
9.79,12,0.6685,0.636902,0.680889
9.8,12,0.680915,0.671114,0.687971
9.81,12,0.674949,0.658464,0.667279
9.82,12,0.688522,0.687055,0.684673
9.83,12,0.679736,0.667045,0.667014
9.84,12,0.690153,0.684673,0.685915
9.85,12,0.680211,0.662963,0.65473
9.86,12,0.690661,0.684251,0.666597
9.87,12,0.685061,0.659143,0.633739
9.88,12,0.70028,0.671279,0.643211
9.89,12,0.694402,0.640251,0.60829
9.9,12,0.707683,0.649847,0.621383
9.91,12,0.69959,0.625296,0.601231
9.92,12,0.709316,0.642922,0.624165
9.93,12,0.701555,0.613335,0.61143
9.94,12,0.714313,0.627337,0.640787
9.95,12,0.706297,0.615734,0.641578
9.96,12,0.715969,0.647867,0.686995
9.97,12,0.703016,0.641971,0.684495
9.98,12,0.70671,0.682757,0.714672
9.99,12,0.695514,0.704146,0.695907
10,12,0.705106,0.764124,0.710272
10.01,12,0.695781,0.763734,0.688507
10.02,12,0.705809,0.795339,0.704781
10.03,12,0.698155,0.775611,0.685345
10.04,12,0.710104,0.785268,0.707481
10.05,12,0.70559,0.760368,0.682777
10.06,12,0.722265,0.765731,0.692345
10.07,12,0.72258,0.753779,0.643301
10.08,12,0.741463,0.779843,0.637254
10.09,12,0.736208,0.771351,0.606006
10.1,12,0.747348,0.793767,0.621121
10.11,12,0.73922,0.774261,0.615202
10.12,12,0.749808,0.787478,0.65418
10.13,12,0.746573,0.783646,0.656146
10.14,12,0.760776,0.809504,0.695796
10.15,12,0.753411,0.780966,0.681083
10.16,12,0.762367,0.784065,0.703017
10.17,12,0.75005,0.755775,0.701895
10.18,12,0.754301,0.765163,0.736928
10.19,12,0.740362,0.758907,0.719451
10.2,12,0.743047,0.785187,0.73708
10.21,12,0.730513,0.772763,0.696948
10.22,12,0.734892,0.788502,0.699784
10.23,12,0.726264,0.767259,0.679808
10.24,12,0.734555,0.776108,0.697362
10.25,12,0.723445,0.758209,0.690992
10.26,12,0.728064,0.772195,0.726516
10.27,12,0.712198,0.773831,0.727387
10.28,12,0.713933,0.811124,0.76612
10.29,12,0.697301,0.807699,0.749725
10.3,12,0.700385,0.835989,0.768674
10.31,12,0.685751,0.815572,0.755697
10.32,12,0.692235,0.825194,0.779745
10.33,12,0.677291,0.808835,0.761257
10.34,12,0.681804,0.830548,0.776197
10.35,12,0.664563,0.819577,0.755323
10.36,12,0.667903,0.843348,0.767213
10.37,12,0.652124,0.828374,0.760991
10.38,12,0.654991,0.845949,0.7944
10.39,12,0.6373,0.839611,0.792756
10.4,12,0.639495,0.859769,0.823128
10.41,12,0.622046,0.825871,0.827457
10.42,12,0.625542,0.81706,0.865349
10.43,12,0.608922,0.76168,0.866641
10.44,12,0.616316,0.737393,0.895038
10.45,12,0.605249,0.687289,0.877526
10.46,12,0.618832,0.680578,0.886188
10.47,12,0.610285,0.647993,0.858526
10.48,12,0.624931,0.665686,0.863077
10.49,12,0.617643,0.659291,0.847831
10.5,12,0.633772,0.696196,0.866146
10.51,12,0.630894,0.684268,0.850603
10.52,12,0.651735,0.713362,0.866253
10.53,12,0.649573,0.711302,0.842904
10.54,12,0.670413,0.748615,0.846977
10.55,12,0.666534,0.747341,0.815508
10.56,12,0.682169,0.781903,0.815313
10.57,12,0.676223,0.775352,0.794755
10.58,12,0.688972,0.798641,0.80938
10.59,12,0.683746,0.796952,0.785699
10.6,12,0.698309,0.827947,0.794906
10.61,12,0.690548,0.814862,0.761349
10.62,12,0.70143,0.835503,0.765468
10.63,12,0.690324,0.817592,0.736526
10.64,12,0.698654,0.831155,0.742346
10.65,12,0.688785,0.799724,0.724016
10.66,12,0.697802,0.803766,0.745736
10.67,12,0.684187,0.753454,0.728528
10.68,12,0.687565,0.734664,0.754491
10.69,12,0.666677,0.692871,0.749279
10.7,12,0.663464,0.689922,0.783614
10.71,12,0.642449,0.663354,0.787029
10.72,12,0.642956,0.676172,0.823254
10.73,12,0.624866,0.646965,0.805328
10.74,12,0.628992,0.657851,0.819839
10.75,12,0.616682,0.649993,0.784688
10.76,12,0.626235,0.686484,0.782443
10.77,12,0.613275,0.691864,0.744864
10.78,12,0.621234,0.733435,0.741066
10.79,12,0.609249,0.730092,0.711783
10.8,12,0.618535,0.759517,0.719532
10.81,12,0.605422,0.743703,0.712413
10.82,12,0.61433,0.758549,0.740841
10.83,12,0.598955,0.708708,0.724263
10.84,12,0.603603,0.696378,0.743677
10.85,12,0.585779,0.654212,0.725377
10.86,12,0.589763,0.659015,0.739866
10.87,12,0.570612,0.634786,0.718519
10.88,12,0.573548,0.656088,0.736426
10.89,12,0.555234,0.633123,0.725593
10.9,12,0.562435,0.648538,0.750322
10.91,12,0.554354,0.594397,0.733322
10.92,12,0.570471,0.582535,0.751075
10.93,12,0.564316,0.539676,0.733268
10.94,12,0.582835,0.559748,0.748485
10.95,12,0.578658,0.550735,0.721732
10.96,12,0.59818,0.590424,0.732327
10.97,12,0.591663,0.588103,0.706983
10.98,12,0.608501,0.626026,0.722638
10.99,12,0.603006,0.594935,0.703613
11,12,0.621261,0.608538,0.720551
