cx,cy,ux,uy,dx,dy,dz,e1,e2,s1,s2,O_0,O_1,O_2,dray_0,dray_1,dray_2,H_0,H_1,H_2,r_0,r_1,r_2
0.50038186641866789,0.03108894520139982,-0.023740156459911982,-0.0044176925046555795,-0.011270693896466857,-0.0017896426925823015,-0.99993488219889859,0.33442706039101433,-0.0055550302026637693,1.5289699979109401,-0.55524792976364723,0.47664170995875588,0.026671252696744242,5,-0.011270693896466857,-0.0017896426925823015,-0.99993488219889859,0.50038186641866789,0.03108894520139982,0.025134853475436526,-0.10007510882098718,-0.0062177104786539936,0.9949604578428588
1.5888552038783019,1.4853575067715226,-0.0063907363717398032,0.021137978808423375,-0.027628822015320496,-0.00028048747493393344,-0.99961821187932653,-0.38943030487538471,-1.8167550113390598,1.5691058462836123,0.96433236819442847,1.5824644675065622,1.5064954855799459,5,-0.027628822015320496,-0.00028048747493393344,-0.99961821187932653,1.5888552038783019,1.4853575067715226,0.47307477818136745,-0.31635817811710698,-0.29575067227510532,0.90135955255782807
1.1027427609807741,-0.55494376394336964,-0.02348248528079442,-0.021564232393906924,0.018979200446206056,-0.028979872225174771,-0.99939979835711168,0.91684804451170765,0.66889844644693741,0.110148587663652,0.21548893918232892,1.0792602756999796,-0.57650799633727656,5,0.018979200446206056,-0.028979872225174771,-0.99939979835711168,1.1027427609807741,-0.55494376394336964,0.15240041780351349,-0.22044617480824941,0.11093723243869096,0.96906987078912654
-1.0991712400376326,0.39273626882885226,-0.018855394889749535,-0.0035001569049418479,0.0193245147920478,-0.009201767821864125,-0.99977091905946347,-0.25200659026730782,-0.20360042572294623,0.054303611713694272,1.5118295115637772,-1.1180266349273822,0.38923611192391039,5,0.0193245147920478,-0.009201767821864125,-0.99977091905946347,-1.0991712400376326,0.39273626882885226,0.13624191917794753,0.21975268277171889,-0.078518110330052349,0.97239069553591972
-0.79933486035509826,-1.7629934306179855,0.023357411769868386,0.00097574099389294853,-0.0028138460175372048,0.014862244706182786,-0.99988559143178124,0.55568790180807859,-0.058460125758861455,-0.57939205044339614,-0.63499848741165954,-0.77597744858522988,-1.7620176896240927,5,-0.0028138460175372048,0.014862244706182786,-0.99988559143178124,-0.79933486035509826,-1.7629934306179855,0.3747082055381078,0.15941992781952358,0.35161269624917452,0.92247157053776119
1.4942137815850476,-0.44947279555708519,0.0078880365019257225,0.022546909779092489,0.010837025674744649,-0.001649468329813498,-0.99993991725940901,1.6027050111724899,0.50668730422710384,0.067550558310654665,-0.34618184215272274,1.5021018180869734,-0.42692588577799273,5,0.010837025674744649,-0.001649468329813498,-0.99993991725940901,1.4942137815850476,-0.44947279555708519,0.24347006190245896,-0.29848909107439198,0.08978817346081619,0.95018016524033688
-1.9789387817377011,-0.70785461496717339,-0.0035889876805259347,-0.012450037666762094,0.015626932136193206,0.001620887330766984,-0.99987657824167075,-1.1090534117005277,-0.066861557469896027,0.87365803447020096,-0.39253724683749003,-1.9825277694182271,-0.7203046526339355,5,0.015626932136193206,0.001620887330766984,-0.99987657824167075,-1.9789387817377011,-0.70785461496717339,0.44172568577958221,0.39425220444453835,0.14102166522402201,0.90811788289189954
1.2849136735310651,-1.3992010837181925,0.0011870053955240158,0.01530195736310544,0.01662111170503414,-0.0058134321537002265,-0.99984495930733353,-0.22724258300056011,-0.22103435143897837,0.10959436799816868,-1.593010878745609,1.2861006789265892,-1.3838991263550871,5,0.01662111170503414,-0.0058134321537002265,-0.99984495930733353,1.2849136735310651,-1.3992010837181925,0.36087668211052615,-0.25631599111272652,0.27911416924505073,0.92541741567065083
1.1882777150081849,1.2653524152763027,0.01864046042823872,0.0088235599999296702,0.018419632968345343,0.023081324544393992,-0.99956388969319399,-0.23539835196509101,-0.85439551815407144,0.88458503256260534,-0.77059867656485981,1.2069181754364235,1.2741759752762323,5,0.018419632968345343,0.023081324544393992,-0.99956388969319399,1.1882777150081849,1.2653524152763027,0.30131206628306462,-0.23722518480289842,-0.25261221073446383,0.93803586428402486
-0.1282601886251169,-0.48221531379875016,-0.0077894666501986901,0.010854295214056148,-0.0091119738745842442,-0.00042943347264240238,-0.99995839289392519,0.5770467473006955,1.5244374527267601,-0.31359626128162549,-0.6015762521234661,-0.1360496552753156,-0.47136101858469404,5,-0.0091119738745842442,-0.00042943347264240238,-0.99995839289392519,-0.1282601886251169,-0.48221531379875016,0.024898228484817767,0.025651719685799546,0.096441867038881648,0.99500801783664827
-0.78787029272274589,1.9149915376448865,0.004514549114485733,0.0064811091420101776,0.03025630275355437,-0.043945630405355811,-0.99857565447589458,0.1914322591260928,-0.0020290276090286124,-0.99361634733971138,0.46091941571337952,-0.7833557436082601,1.9214726467868968,5,0.03025630275355437,-0.043945630405355811,-0.99857565447589458,-0.78787029272274589,1.9149915376448865,0.42879321874065524,0.15699779248413201,-0.38159763962802479,0.91089787275271938
-0.88629755159690671,0.3599667720424411,0.0091842186669771845,0.023578035423079003,-0.024921730255358571,-0.013835826619941174,-0.99959365607371786,2.015516053475408,-0.25811199526572426,-0.2028761960646632,-1.0449320235690858,-0.87711333292992955,0.38354480746552011,5,-0.024921730255358571,-0.013835826619941174,-0.99959365607371786,-0.88629755159690671,0.3599667720424411,0.091509942694132623,0.17722983010592283,-0.071981299889536943,0.98153363660489923
-0.98052164938350161,0.42022501531940515,-0.0072293111488243968,-0.008365927039433757,0.017218563311678287,-0.039339609129532931,-0.99907753264249577,0.31908845168654759,-1.2469762247076281,-1.1069310243514836,1.2796672718437896,-0.98775096053232603,0.41185908827997142,5,0.017218563311678287,-0.039339609129532931,-0.99907753264249577,-0.98052164938350161,0.42022501531940515,0.11380117684099367,0.19605355580496547,-0.084023242672271084,0.97698674399761753
-0.21969477646941371,0.55198632315332885,0.00095492432479950544,-0.0050862220160314726,0.009857341545801963,-0.064888555202940484,-0.99784382957521178,-0.90545305939464416,1.0813575693313382,1.5243580037828071,0.25932645747674282,-0.21873985214461419,0.54690010113729737,5,0.009857341545801963,-0.064888555202940484,-0.99784382957521178,-0.21969477646941371,0.55198632315332885,0.03529546957562768,0.043937860577997132,-0.1103945141410715,0.99291616748615052
0.018193035831813198,0.70580097525115315,0.013262369163926131,-0.01485441238932419,0.01746873436685668,-0.01060009343386019,-0.99979121887462763,0.55339140285082355,1.9522509436867783,-0.19672840206571665,-0.59300579694161559,0.031455404995739331,0.69094656286182898,5,0.01746873436685668,-0.01060009343386019,-0.99979121887462763,0.018193035831813198,0.70580097525115315,0.049848600321825656,-0.0036384263495833013,-0.14115318024190623,0.9899810814158494
0.21398940829796986,-1.3968479233265252,0.020458965699527511,-0.022464797236386475,0.037540326556904667,0.026642922262214205,-0.99893987735765688,-1.3532310647829418,0.041707080346346355,1.4791442109183066,0.95959538140086531,0.23444837399749738,-1.4193127205629117,5,0.037540326556904667,0.026642922262214205,-0.99893987735765688,0.21398940829796986,-1.3968479233265252,0.19969755877653411,-0.042763787610518078,0.27914703065186924,0.95929567587238029
1.9820011337375707,-0.23874613124724986,-0.017446886096159225,-0.014354590251233042,0.029675820577094791,0.00094198264942557696,-0.99955913198858026,-0.94209124141795741,-0.85537538383259604,-0.50417122934096359,0.2922680824953417,1.9645542476414115,-0.25310072149848289,5,0.029675820577094791,0.00094198264942557696,-0.99955913198858026,1.9820011337375707,-0.23874613124724986,0.39853282093225451,-0.39514700267397423,0.047598266497686684,0.9173839170729936
1.1706476768550123,-1.0417441526819067,0.021670969615371429,0.020773219856195416,-0.022891242925952592,-0.023438325084521507,-0.99946317386611971,-0.20531142710368377,0.21445394544308127,0.29673937804544731,-0.2987735866784475,1.1923186464703837,-1.0209709328257113,5,-0.022891242925952592,-0.023438325084521507,-0.99946317386611971,1.1706476768550123,-1.0417441526819067,0.24556468629729808,-0.23384767551434316,0.20809800711328325,0.94974232510298207
0.48871691776465065,-0.39000680758407347,-0.024741056709228396,0.017008440857919482,-0.0337482207878982,-0.018799953299507999,-0.99925353106685966,-0.040173941602943734,0.20659237721603418,-0.083969703533176024,0.5035208649940508,0.46397586105542227,-0.372998366726154,5,-0.0337482207878982,-0.018799953299507999,-0.99925353106685966,0.48871691776465065,-0.39000680758407347,0.039094953567130081,-0.097740395840080929,0.077998977256503788,0.99215068138260321
1.9558405907275396,-1.6131836242730175,0.012648875179887699,-0.019379712925371051,0.016331427551466136,0.022603470880053895,-0.9996111081707254,1.8708757733280048,0.59197228477083053,0.055810546408551848,-1.6861186233619148,1.9684894659074272,-1.6325633371983885,5,0.016331427551466136,0.022603470880053895,-0.9996111081707254,1.9558405907275396,-1.6131836242730175,0.64276738219600793,-0.38797541461168006,0.32000337268758777,0.86433380075377342
-1.1387652070576042,1.8713122041952857,0.015526341515862258,0.0051889512658432673,-0.020295965929362107,0.0031518674333602509,-0.99978904749885944,0.38795708601520174,-1.9466784117672074,-1.4090340861561219,0.85463925246876515,-1.123238865541742,1.8765011554611288,5,-0.020295965929362107,0.0031518674333602509,-0.99978904749885944,-1.1387652070576042,1.8713122041952857,0.47985955623751664,0.22671135983988303,-0.37255066441156348,0.89989330576799687
-1.3591518645686218,-1.1399838505764799,-0.018161797422870923,-0.0010401752555187604,-0.00024810765098946401,0.00095998435934733888,-0.99999950843619079,0.70623506013666426,-0.14993899834888477,-1.7100111061522156,-0.37134851689085024,-1.3773136619914927,-1.1410240258319986,5,-0.00024810765098946401,0.00095998435934733888,-0.99999950843619079,-1.3591518645686218,-1.1399838505764799,0.31468569705355398,0.27129359564825312,0.22754655007002678,0.93521246383454015
0.45015841709212312,0.68706065044513975,-0.0040548174543407426,0.004734243524413928,0.016792171935542045,-0.0010690844050405485,-0.99985842998907715,-0.67873831821602404,0.63684074613021013,2.2577305324275314,0.21693048795465586,0.4461035996377824,0.69179489396955374,5,0.016792171935542045,-0.0010690844050405485,-0.99985842998907715,0.45015841709212312,0.68706065044513975,0.067469493786898441,-0.090023487814424152,-0.13739962143251602,0.98641629937462383
-1.8242319681544665,-0.79831967408371884,0.015762813899752284,0.0079637503304531617,-0.032858185112533814,0.00076759030037689649,-0.99945972929190163,-0.77931112803211688,-1.1705515303032201,-0.056094280768272622,-0.17679319351358783,-1.8084691542547142,-0.79035592375326569,5,-0.032858185112533814,0.00076759030037689649,-0.99945972929190163,-1.8242319681544665,-0.79831967408371884,0.39651365756658535,0.36370453115193363,0.15916423340926666,0.91781575537947313
-1.8572788849056154,1.4963081045980178,-0.024286440515769472,-0.0096670254555564061,-0.042156625375523733,0.016091705524662173,-0.99898141922172656,-1.1515191595274716,0.1163552356921842,-1.1509135213108617,1.1121072717293008,-1.8815653254213849,1.4866410791424614,5,-0.042156625375523733,0.016091705524662173,-0.99898141922172656,-1.8572788849056154,1.4963081045980178,0.56884228002019588,0.36907493942136382,-0.2973435102010939,0.88055126258066807
0.059555281085481138,0.64885895335381516,0.0064230973933145363,0.023067542236822849,0.0051855940253122306,0.011050522566672471,-0.9999254950073071,1.0626506057881553,1.0847512652964209,-0.47405047060852817,0.51452056331808882,0.065978378478795674,0.671926495590638,5,0.0051855940253122306,0.011050522566672471,-0.9999254950073071,0.059555281085481138,0.64885895335381516,0.042456477285257914,-0.011910626834241109,-0.12976711251452092,0.99147296154663711
-0.13517589869884361,-1.4735367367667771,0.014651182904901706,-0.0017079982469437539,0.00088770918177279114,0.0043140521555734522,-0.99999030041616288,-0.13206950521935684,-0.38881206140248165,-0.33914565714206613,-1.2997152730341506,-0.1205247157939419,-1.4752447350137208,5,0.00088770918177279114,0.0043140521555734522,-0.99999030041616288,-0.13517589869884361,-1.4735367367667771,0.21895830381903222,0.027009294153382206,0.29442517158932918,0.95529279090964059
1.668671092771409,1.3802972834982117,0.0006501791411104241,0.0064050427432453434,-0.0049149330948461767,-0.020852579975792693,-0.99977048033087412,-1.4438636958951212,0.79431479087604573,-0.19123540391952007,0.21642485112762316,1.6693212719125194,1.3867023262414571,5,-0.0049149330948461767,-0.020852579975792693,-0.99977048033087412,1.668671092771409,1.3802972834982117,0.46896838066834706,-0.33227586139292348,-0.2748531276411999,0.90224636888238063
0.51690501796404176,1.7797926845799181,0.011292471027554358,0.0067613091949856596,0.00077065478363052403,0.010221638232478,-0.99994746072133645,1.0017103884541199,-1.7331324950160742,-0.78413007381589395,0.17533484346507067,0.52819748899159613,1.7865539937749038,5,0.00077065478363052403,0.010221638232478,-0.99994746072133645,0.51690501796404176,1.7797926845799181,0.34348527976805981,-0.10313792140049317,-0.355121563211727,0.92911314946633117
0.056470586398055467,1.6156671527837072,-0.013678825865142796,-0.015805530174515442,-0.017206153299242136,-0.013681634612668163,-0.99975835138445746,0.39209478666557296,-0.37707445040109677,1.0291792326978486,0.21039493882963689,0.04279176053291267,1.5998616226091917,5,-0.017206153299242136,-0.013681634612668163,-0.99975835138445746,0.056470586398055467,1.6156671527837072,0.26135692757123513,-0.01127871938059054,-0.32269288475659641,0.94643652328964989
-0.012506258425982963,0.27887659143710897,-0.015073942600366359,-0.021906729092181294,-0.030248798994346904,0.021861671785616581,-0.99930329603486145,-1.2133821388278598,-0.93076377599064519,0.80547106049462247,0.46383145645605978,-0.027580201026349324,0.25696986234492769,5,-0.030248798994346904,0.021861671785616581,-0.99930329603486145,-0.012506258425982963,0.27887659143710897,0.0077928559751397663,0.0025012486472516526,-0.055775250544400586,0.99844021612809331
-1.0099403118906767,-1.4181601849562924,-0.0068436524724824199,-0.0044241588251012548,-0.0033320020723708447,-0.025412665456193667,-0.9996714931399221,-1.8990612390066011,1.3477123038624088,0.59802703109388744,1.3433429876964984,-1.0167839643631591,-1.4225843437813936,5,-0.0033320020723708447,-0.025412665456193667,-0.9996714931399221,-1.0099403118906767,-1.4181601849562924,0.30311577437771026,0.20161791241716406,0.28311227168341579,0.93765540526080293
-1.9528238978299766,-1.2301460201266705,-0.016029698621642673,0.013201504421923433,-0.019430431269024009,-0.0027518894760640627,-0.99980742417978252,-0.38370088107508399,-0.29570622133232588,-1.1264570847513189,2.5369295701318877,-1.9688535964516192,-1.2169445157047472,5,-0.019430431269024009,-0.0027518894760640627,-0.99980742417978252,-1.9528238978299766,-1.2301460201266705,0.53267804067693503,0.38836704684172102,0.24464478212888333,0.88843681120524909
-1.2303914240587575,1.7116227389780976,-0.0076969280443760779,0.015761089414588588,-0.032851884093010458,-0.00014708628876255206,-0.99946022035755022,-0.17545422540714875,1.5875331920819455,-0.64729245138727953,0.16384119233310074,-1.2380883521031336,1.7273838283926861,5,-0.032851884093010458,-0.00014708628876255206,-0.99946022035755022,-1.2303914240587575,1.7116227389780976,0.44435154569842228,0.24511224856552044,-0.34098067496507617,0.90755284413829895
0.76812848352735674,0.20930595066905511,0.022406203070540739,0.011499462450103248,0.010109557395552801,-0.026482265167852573,-0.99959816250373612,-1.67135248657008,-0.38286714876676903,0.98375490840002766,-1.2517438155744967,0.7905346865978975,0.22080541311915836,5,0.010109557395552801,-0.026482265167852573,-0.99959816250373612,0.76812848352735674,0.20930595066905511,0.063383034819151363,-0.15361335464749667,-0.041857827068603831,0.98724407295614458
-1.1975731040520192,-1.2777900062043535,0.0036666358805560462,-0.019339752373738851,-0.0012272440579162297,0.034419001240422444,-0.99940673713240202,1.0722275449346119,0.33723781584846269,-1.0439509249842558,-0.50159727142567345,-1.1939064681714631,-1.2971297585780923,5,-0.0012272440579162297,0.034419001240422444,-0.99940673713240202,-1.1975731040520192,-1.2777900062043535,0.30669286395045098,0.2390653109220619,0.25507859527970678,0.93690057495118939
-0.52185475759117317,1.5362275767858797,-0.0079965966289580089,0.020667743076552277,0.0081268364098553442,0.02919472022227056,-0.99954070594504096,-0.45906567670541332,-0.049519337942502177,-0.53614396594309233,-0.82728790080453651,-0.52985135422013119,1.556895319862432,5,0.0081268364098553442,0.02919472022227056,-0.99954070594504096,-0.52185475759117317,1.5362275767858797,0.26323275556979581,0.10422661113428963,-0.30682060847449522,0.9460433012007442
-1.9850630317916962,0.56628682088992299,-0.011423769009560736,0.01510182889986419,-0.019781177172509441,-0.0092694626634499764,-0.99976136257188919,-0.30458770251481737,-1.026889738609049,-1.2895265726430769,-0.04817648250735862,-1.9964868008012568,0.58138864978978722,5,-0.019781177172509441,-0.0092694626634499764,-0.99976136257188919,-1.9850630317916962,0.56628682088992299,0.42611560036996565,0.39557866531328295,-0.11284829811673436,0.91147286364494595
1.3201909192069823,0.27877709789523175,0.022601974535376115,0.018884568332476676,-0.013158469168174142,0.015431249136822969,-0.99979434447251592,0.88287422555456829,-1.529371705117365,0.0035081514639604466,-0.64995619480129563,1.3427928937423583,0.2976616662277084,5,-0.013158469168174142,0.015431249136822969,-0.99979434447251592,1.3201909192069823,0.27877709789523175,0.18206207334674646,-0.26386331835443949,-0.055718494243273561,0.96294942682689511
-1.3821556757542406,-0.49484865548031953,-0.0027760895176443369,0.0011652076487588647,-0.019976300545218689,0.0075717929767876498,-0.9997717816420123,-0.97714543713468971,0.85343765271461891,-0.51816968909066619,1.4983016830648794,-1.3849317652718849,-0.49368344783156065,5,-0.019976300545218689,0.0075717929767876498,-0.9997717816420123,-1.3821556757542406,-0.49484865548031953,0.21552295038503413,0.27617468714654703,0.098877915859650861,0.95600768821948212
-0.92960278174485822,-0.35617887137148063,0.024019737544029474,0.020781771755036621,-0.017705885321823496,-0.052191742640468004,-0.99848010677485277,-0.77983936414639332,0.38650199362583243,-0.22728300655720315,-0.75402180912636318,-0.9055830442008288,-0.33539709961644404,5,-0.017705885321823496,-0.052191742640468004,-0.99848010677485277,-0.92960278174485822,-0.35617887137148063,0.099102472023924026,0.18588404747450046,0.071221785837557824,0.97998702956549721
1.5213286159233146,-1.0420431492726205,0.00077613345531354905,-0.022667388102305643,0.0039080795036976366,0.0050078592845759582,-0.99997982392645235,0.58767504257775283,-0.15498257307480726,0.60321058071364675,-0.047291507216996057,1.5221047493786282,-1.0647105373749262,5,0.0039080795036976366,0.0050078592845759582,-0.99997982392645235,1.5213286159233146,-1.0420431492726205,0.34002946825731489,-0.30356456997303538,0.2079283707618339,0.92984640908561644
0.039163239473692713,-1.8477708532350436,0.0010583064513111974,-0.023485558303419904,-0.015657560890451984,-0.0012267302735226191,-0.99987666035356471,-1.0858162553014383,-0.10206924318890695,0.051955169516140508,0.95846295388119718,0.040221545925003911,-1.8712564115384636,5,-0.015657560890451984,-0.0012267302735226191,-0.99987666035356471,0.039163239473692713,-1.8477708532350436,0.34157908853910351,-0.0078144339406940617,0.36869481340644744,0.92951765404933084
1.3886009854634773,1.504875232437084,0.01982702618580004,-0.023989221332192657,0.0071211353479286969,0.0016643025638624065,-0.99997325940663662,-0.90626900733517846,-0.039329853267305419,-1.7218787302300389,0.65149306034331567,1.4084280116492773,1.4808860111048914,5,0.0071211353479286969,0.0016643025638624065,-0.99997325940663662,1.3886009854634773,1.504875232437084,0.41928621620327078,-0.27674884764062535,-0.29992236126843452,0.91293847138827089
0.55886866777010491,-0.1290791327436156,0.012138370910751978,-0.012361566102377181,0.0067933862884235465,-0.021532008031047951,-0.99974507877402796,-1.0814829746406458,-1.8063595210836054,-0.059216834274737201,1.1056849586628463,0.57100703868085689,-0.14144069884599278,5,0.0067933862884235465,-0.021532008031047951,-0.99974507877402796,0.55886866777010491,-0.1290791327436156,0.032899561032497582,-0.11177131399701762,0.025815267715606091,0.99339858330891118
0.96708378944742845,0.19054079685494107,0.0040326431926411277,-0.012571511339550857,0.040469451345687975,-0.0053824497176958438,-0.99916627882590958,-1.5244469482118754,-1.0880355853884272,-0.74327489105328126,-1.1294966463420033,0.97111643264006964,0.17796928551539021,5,0.040469451345687975,-0.0053824497176958438,-0.99916627882590958,0.96708378944742845,0.19054079685494107,0.09715568510781139,-0.19338025413193635,-0.038100967176136487,0.98038379913792473
-1.6340175797478174,-0.71134676087909954,-0.0036675248081870838,-0.015624833282201673,-0.027844803109664681,-0.0035637702519861919,-0.99960590558548379,0.37942788833458474,-0.80736744504448577,-0.72151473646020214,0.58330539868231113,-1.6376851045560044,-0.72697159416130119,5,-0.027844803109664681,-0.0035637702519861919,-0.99960590558548379,-1.6340175797478174,-0.71134676087909954,0.31760276651381014,0.32614620108228948,0.14198319931705738,0.93459586272959916
0.16457528550595502,1.0052996794197115,0.018909392970914027,0.0033527909192697827,0.017750239387064656,0.02375143630240819,-0.99956030247067862,-0.75551463096868421,0.43278009778072224,-0.97138517188204321,-1.2121385142152894,0.18348467847686906,1.0086524703389814,5,0.017750239387064656,0.02375143630240819,-0.99956030247067862,0.16457528550595502,1.0052996794197115,0.10377124700407414,-0.032907970493245849,-0.20101664770325628,0.97903491910358365
